,name,spec,price
0,3 Lovely holiday cottages 1 hr from Cherbourg - NM002654_A,"Bedrooms 4, Sleeps 8, Ratings 1 10/10",£435 to £795 pw
1,Holiday let in Montferrat Provence - CV000524_A,"Bedrooms 3, Sleeps 7, Ratings 1 9.3/10",£225 to £400 pw
2,"Beautiful Perigordian house to let, Aquitaine - AD007472","Bedrooms 3, Sleeps 6",£600 to £995 pw
3,Holiday let 4km from the Vendée coast - LV004385,"Bedrooms 2, Sleeps 5, Ratings 10 9.6/10",£345 to £545 pw
4,"Holiday cottage, shared pool in Brittany - BN002739_A","Bedrooms 5, Sleeps 14, Ratings 4 9.7/10",£500 to £1000 pw
5,Holiday cottage for rental in Brittany - BI003263,"Bedrooms 2, Sleeps 4, Ratings 4 9.1/10",£465 to £595 pw
6,Holiday rental gite nr Bricquebec Manche - NM002658_A,"Bedrooms 3, Sleeps 7, Ratings 1 10/10",£750 to £895 pw
7,"Large barn to let with private pool, Dordogne - AD005635_B","Bedrooms 4, Sleeps 8",£599 to £950 pw
8,One of 7 Holiday cottages nr Chalais to rent - PC002350_A,"Bedrooms 3, Sleeps 6, Ratings 3 9.8/10",£565 to £749 pw
9,Self catering holiday cottage in Brittany - BI003960_B,"Bedrooms 1, Sleeps 3",£400 pw
10,"Holiday gites with pool for rental, Dordogne - AD000161_J","Bedrooms 2, Sleeps 6",£430 to £940 pw
11,"Holiday home rental near Saumur, Loire Valley - VI001447","Bedrooms 4, Sleeps 8, Ratings 1 9.5/10",£595 to £650 pw
12,Holiday cottage in Brittany with shared pool - BM006792,"Bedrooms 2, Sleeps 5",£340 pw
13,"Large holiday let - pool & Jacuzzi, Aquitaine - AT005396","Bedrooms 6, Sleeps 14, Ratings 2 10/10",£1205 pw
14,Quiet gite in rural location in Serigny - PV004804,"Bedrooms 2, Sleeps 4, Ratings 2 7.9/10",£600 pw
15,Holiday Gites to let in rural Brittany - BM006042,"Bedrooms 2, Sleeps 5, Ratings 7 10/10",£525 to £700 pw
16,Holiday cottage with large pool near Matha - PM006272,"Bedrooms 2, Sleeps 4",£295 to £395 pw
17,"Holiday cottage, beach 650m, South Brittany - BF003723","Bedrooms 3, Sleeps 6",£320 to £750 pw
18,Large holiday house & pool in rural Dordogne - AD005715,"Bedrooms 4, Sleeps 8, Ratings 8 9.7/10",£1400 to £2200 pw
19,"Farmhouse let, private pool, South Vendée - LV003818","Bedrooms 3, Sleeps 6, Ratings 8 9.8/10",£1650 pw
20,"Converted Barn for holiday lets, Loire Valley - VE006744_B","Bedrooms 4, Sleeps 8, Ratings 1 10/10",£800 to £1500 pw
21,Holiday cottage let nr Chateaubriant - LA002630,"Bedrooms 2, Sleeps 5, Ratings 3 10/10",£350 to £525 pw
22,Lovely house to let near lake in Burgundy - GC007623,"Bedrooms 5, Sleeps 10",£1150 to £1600 pw
23,"Family holiday home to let, Erquy - BN002976","Bedrooms 3, Sleeps 7, Ratings 2 10/10",£525 pw
24,3 Lovely holiday cottages 1 hr from Cherbourg - NM002654_B,"Bedrooms 4, Sleeps 8",£395 to £745 pw
25,Holiday cottage with pool to let near Gemozac - PM002756_D,"Bedrooms 11, Sleeps 30",£650 to £1360 pw
26,Large gite to let on complex in Charente - PC006033_B,"Bedrooms 14, Sleeps 30",£560 to £1232 pw
27,"Holiday Cottage to let with pool, Mayenne - LM006760_B","Bedrooms 1, Sleeps 3",€490 to €560 pw
28,Holiday cottage in rural Aquitaine with pool - AD005091,"Bedrooms 2, Sleeps 4, Ratings 1 9.7/10",£800 pw
29,Lovely gite to let with a pool in Charante - PC007667,"Bedrooms 3, Sleeps 6",£630 to £1695 pw
30,"Delightful cottage to let, Charente Maritime - PM005416","Bedrooms 3, Sleeps 6, Ratings 1 10/10",£665 pw
31,Self catering rental with pool nr Descartes - VI004142,"Bedrooms 4, Sleeps 10, Ratings 8 9.8/10",£734 to £1434 pw
32,Lovely converted barn with pool in Charente - PC006897,"Bedrooms 5, Sleeps 10",£850 to £1950 pw
33,Spacious gite to let in Limousin with pool - UH004192,"Bedrooms 3, Sleeps 6, Ratings 1 10/10",£575 to £925 pw
34,"3 Bed holiday gite, private pool, Aquitaine - AT007630","Bedrooms 3, Sleeps 6",£530 to £855 pw
35,"Holiday cottage with private pool, Minzac - AD005635_C","Bedrooms 4, Sleeps 8",£599 to £950 pw
36,Superior holiday gite shared pool in Brittany - BM002684_C,"Bedrooms 8, Sleeps 16",£2795 to £4850 pw
37,"House to let, private pool, rural Charente - PC007247","Bedrooms 3, Sleeps 6, Ratings 1 8.5/10",£770 to £1211 pw
38,Self catering cottage rental nr Saumur - LL004095,"Bedrooms 2, Sleeps 4, Ratings 3 9.6/10",£395 to £520 pw
39,"House & gite to let with pool, Aquitaine - AD007678","Bedrooms 5, Sleeps 10",£2250 to £2950 pw
40,"Large holiday let with pool, rural Aquitaine - AL005098","Bedrooms 4, Sleeps 8",€895 pw
41,Holiday cottage & pool Brittany - BF000872_C,"Bedrooms 3, Sleeps 7",£419 to £875 pw
42,Cottage to let in small Vendee village - LV004590,"Bedrooms 2, Sleeps 4",£300 to £350 pw
43,Gite in Limousin for holiday rental - US004409,"Bedrooms 1, Sleeps 2, Ratings 2 10/10",£335 pw
44,Family gite accommodation nr St Jean-d'Angély - PM002197_E,"Bedrooms 3, Sleeps 6",£445 to £975 pw
45,"Stunning Rural Gite in Normandy, Orne - NO003444_C","Bedrooms 4, Sleeps 11, Ratings 1 10/10",£1017 to £1600 pw
46,Spacious holiday gite on complex in Brittany - BM006841,"Bedrooms 3, Sleeps 7",£560 to £995 pw
47,South Brittany holiday let with private pool - LA003863,"Bedrooms 7, Sleeps 12, Ratings 8 9.7/10",£2200 to £2950 pw
48,"Large holiday cottage with pool, Dordogne - AD004314","Bedrooms 4, Sleeps 10",£920 to £1220 pw
49,Holiday cottage in Limousin - UH006521,"Bedrooms 3, Sleeps 8, Ratings 2 10/10",£975 to £1075 pw
50,"3 gites with large garden and 2 pools, Loire - LA006586","Bedrooms 10, Sleeps 20",£2018 to £2890 pw
51,Renovated 3 Bed Barn to let in Gavray - NM004348,"Bedrooms 3, Sleeps 6, Ratings 8 9.9/10",£509 to £990 pw
52,Lovely gite with private terrace in Vienne - PV006822,"Bedrooms 2, Sleeps 4, Ratings 1 10/10",£455 pw
53,Large holiday gite with pool in Charente - PC004341,"Bedrooms 5, Sleeps 12, Ratings 3 9.8/10",£850 to £2795 pw
54,Large holiday cottage in rural Aquitaine - AT005038_A,"Bedrooms 3, Sleeps 8",€995 to €1995 pw
55,"Rural cottage and private pool, Loire Valley - VE006294","Bedrooms 1, Sleeps 2, Ratings 1 10/10",£495 to £695 pw
56,Holiday gite for let in Brittany - BM005177_D,"Bedrooms 4, Sleeps 8, Ratings 8 9.7/10",£800 to £1400 pw
57,Cottage in rural Vendee for rental with pool - LV005728,"Bedrooms 3, Sleeps 5, Ratings 4 10/10",£535 pw
58,Lovely gite for 2 for holidays near Cognac - PC006969,"Bedrooms 1, Sleeps 2, Ratings 1 10/10",£560 pw
59,"Holiday complex, pool and bar near Lamballe - BN002848_J","Bedrooms 2, Sleeps 4",€800 pw
60,"Holiday Cottage for 2 to let Locarn, Brittany - BN006373","Bedrooms 1, Sleeps 2, Ratings 1 10/10",£434 pw
61,"Beautiful farmhouse to let, Indre et Loire - VI005495","Bedrooms 4, Sleeps 7, Ratings 10 10/10",£950 pw
62,Holiday gite for 6 in Normandy village - NM006363,"Bedrooms 3, Sleeps 6",£385 to £500 pw
63,Holiday cottage and pool to rent Brittany - BM002351_D,"Bedrooms 3, Sleeps 6, Ratings 3 10/10",£510 to £715 pw
64,Spacious farmhouse holiday rental in Normandy - NM004258,"Bedrooms 6, Sleeps 12, Ratings 2 10/10",£1600 pw
65,Holiday cottage to rent in Bannalec - BF001457_A,"Bedrooms 3, Sleeps 6",£265 to £375 pw
66,Couples gite to let for holidays in Serigny - PV005854,"Bedrooms 1, Sleeps 2, Ratings 1 10/10",£406 pw
67,"Holiday complex, pool and bar near Lamballe - BN002848_C","Bedrooms 3, Sleeps 6",€1300 to €2200 pw
68,Holiday gite in Limousin - UH005788,"Bedrooms 4, Sleeps 8",£945 to £1365 pw
69,"Farmhouse, all year heated pool, Deux Sevres - PS006715","Bedrooms 3, Sleeps 6, Ratings 2 10/10",£700 to £1250 pw
70,Beautiful Village House to Let in Migron - PM003681_A,"Bedrooms 4, Sleeps 8, Ratings 6 9.3/10",£425 to £1425 pw
71,Cottage to let in Aquitaine with lake - AT004390,"Bedrooms 2, Sleeps 5",£695 to £825 pw
72,Converted watermill to let near Toulouse - MO007025,"Bedrooms 4, Sleeps 9",£850 to £950 pw
73,"Holiday gite complex, shared pool, Brittany - BN006697_A","Bedrooms 4, Sleeps 7",£485 to £850 pw
74,"Large holiday gite with pool, rural Aquitaine - AT005799","Bedrooms 3, Sleeps 6",£845 pw
75,Gite for holiday rental Manche - NM003331_A,"Bedrooms 4, Sleeps 13, Ratings 27 9.7/10",£395 to £645 pw
76,"Holiday rural gite, shared pool, near Gomene - BN004658","Bedrooms 3, Sleeps 7",£700 to £1015 pw
77,Property for holiday rental in Midi Pyrenees - MA004120,"Bedrooms 2, Sleeps 7",£550 to £750 pw
78,Cosy Barn to let with pool in Nord de Calais - DP007107,"Bedrooms 1, Sleeps 2",£434 pw
79,"Cottage to let in Brittany, Quistinic 5km - BM003431_C","Bedrooms 1, Sleeps 2, Ratings 9 9.8/10",£360 to £450 pw
80,Spacious luxury gite let nr to Vendee beaches - LV004472_C,"Bedrooms 3, Sleeps 8",£995 to £1495 pw
81,Holiday let with pool in rural Western Loire - LL005072_A,"Bedrooms 13, Sleeps 31, Ratings 2 9.7/10",€495 to €1165 pw
82,"Rural farmhouse in Normandy, Manche - NM003492","Bedrooms 5, Sleeps 14",£1600 pw
83,Beautiful house and pool to let in Gournay - PS005292,"Bedrooms 4, Sleeps 8, Ratings 4 9.9/10",£1295 to £2275 pw
84,"Holiday rental house, beach 400m near Benodet - BF002426","Bedrooms 2, Sleeps 6",£420 to £655 pw
85,Gite for holiday rental Cotes d'Armor - BN003235,"Bedrooms 2, Sleeps 4, Ratings 4 10/10",£399 to £699 pw
86,Family gite to let on complex in Charente - PC006033_C,"Bedrooms 3, Sleeps 6",£840 to £924 pw
87,Gite to let in Normandy/Pays de Loire - LS005012,"Bedrooms 4, Sleeps 9",£700 pw
88,Family friendly gite for holidays near Civray - PV004809,"Bedrooms 4, Sleeps 10, Ratings 4 10/10",£649 to £1799 pw
89,Holiday cottages/apartments to let nr Benodet - BF000236_J,"Bedrooms 3, Sleeps 5",€590 pw
90,3 Lovely holiday cottages 1 hr from Cherbourg - NM002654_A,"Bedrooms 12, Sleeps 24, Ratings 1 10/10",£385 to £795 pw
91,Gite for holiday rental in Western Loire - LS004063,"Bedrooms 3, Sleeps 6",£950 pw
92,Charming cottage to let in the Charente - PC006477,"Bedrooms 2, Sleeps 4, Ratings 4 10/10",£400 to £700 pw
93,1 bedroom gite on Manor ground in Normandy - NM004907_B,"Bedrooms 1, Sleeps 2, Ratings 2 10/10",£295 to £495 pw
94,"Pet Friendly 4-star graded gite, Vienne - PV006979","Bedrooms 3, Sleeps 8, Ratings 1 10/10",£665 pw
95,Traditional stone house to let in Deux Sevres - PS007770,"Bedrooms 3, Sleeps 6",£600 pw
96,Large barn conversion gite to let in Dordogne - AD006570,"Bedrooms 4, Sleeps 12",£800 to £1200 pw
97,Holiday gite + share pool in rural Dordogne - AD005776,"Bedrooms 2, Sleeps 4",£540 to £625 pw
98,Holiday cottage nr coast and beaches Brittany - BM007369,"Bedrooms 3, Sleeps 6",£480 to £800 pw
99,"Family friendly gite to let with pool, Brux - PV007708","Bedrooms 1, Sleeps 2",£400 to £650 pw
100,Self catering gite rental Poitou Charentes - PV003754,"Bedrooms 2, Sleeps 6",£650 to £700 pw
101,Large Farmhouse for 10 to let in Loire Valley - VE006744_A,"Bedrooms 5, Sleeps 10, Ratings 1 10/10",£900 to £1700 pw
102,Holiday cottage with pool in rural Dordogne - AD005266,"Bedrooms 3, Sleeps 6, Ratings 5 9.6/10",£580 pw
103,lovely Gite to let with pool in Western Loire - LL007133,"Bedrooms 1, Sleeps 3",£539 pw
104,Lovely rural French gite to let in Madiran - MH005148,"Bedrooms 2, Sleeps 6",£550 to £1200 pw
105,Stylish 4* gite with pool in Lot et Garonne - AL006944,"Bedrooms 2, Sleeps 4, Ratings 3 10/10",£950 pw
106,Spacious Farmhouse rental in rural Normandy - NC006221,"Bedrooms 5, Sleeps 14, Ratings 2 9.8/10",£1300 to £1695 pw
107,Self catering holiday cottage 6km from Ruffec - PC003554,"Bedrooms 1, Sleeps 2, Ratings 4 9.8/10",£210 to £480 pw
108,Rural holiday gite rental near Moncoutant - PS004762,"Bedrooms 2, Sleeps 4, Ratings 1 9.5/10",£325 to £400 pw
109,Rose Cottage for rent in Mayenne - Sleeps 2 - LM003633_A,"Bedrooms 2, Sleeps 4, Ratings 9 9.6/10",£440 pw
110,Luxury self catering gites rural nr Pontrieux - BN003129_C,"Bedrooms 6, Sleeps 12",£396 to £1098 pw
111,Rural Cottage in Normandy Manche - NM003449,"Bedrooms 2, Sleeps 5, Ratings 3 8.7/10",£350 to £490 pw
112,One of 7 Holiday cottages nr Chalais to rent - PC002350_B,"Bedrooms 2, Sleeps 5, Ratings 3 7.9/10",£449 to £580 pw
113,"Family gite with pool, Charente Maritime - PM005793_B","Bedrooms 3, Sleeps 7, Ratings 2 8.8/10",£900 pw
114,"Lovely gite with shared pool, Saint Severin - PC005706","Bedrooms 3, Sleeps 6",£395 to £500 pw
115,Lovely Holiday Gite to let in Southern Vendee - LV006948,"Bedrooms 2, Sleeps 4",£380 to £410 pw
116,"Holiday cottage, heated pool, wi-fi, Brittany - BM004777","Bedrooms 3, Sleeps 6, Ratings 2 10/10",£750 to £1650 pw
117,"Holiday gite, 2 pools, near Baud, Brittany - BM001973_C","Bedrooms 3, Sleeps 7, Ratings 4 9.2/10",£945 pw
118,Holiday gite & shared pool to let in Brittany - BN002919_A,"Bedrooms 3, Sleeps 6, Ratings 11 9/10",€685 to €1400 pw
119,Holiday cottage for rental in Brittany - BI003263,"Bedrooms 2, Sleeps 4, Ratings 4 9.1/10",£465 to £595 pw
120,Large family gite to let near Sarlat - AD006924,"Bedrooms 3, Sleeps 8",£550 pw
121,Cottage rental for holidays nr Portbail - NM002439,"Bedrooms 2, Sleeps 4",£650 pw
122,"2 Bed Gite to let with heated pool, Aquitaine - AD007225","Bedrooms 2, Sleeps 5",£1300 pw
123,"House for holiday lets, St Fraigne Charente - PC002603","Bedrooms 3, Sleeps 7, Ratings 12 9.3/10",£455 pw
124,Holiday cottage to let in rural Normandy - NM004628,"Bedrooms 2, Sleeps 4, Ratings 13 10/10",£445 to £495 pw
125,Ground floor disable friendly gite nr Limoges - UH005387,"Bedrooms 1, Sleeps 2",£630 to £800 pw
126,Holiday let & pool Loire Valley - VI004218_A,"Bedrooms 3, Sleeps 6",£595 to £795 pw
127,House with pool to let near Toulouse sleeps 8 - MT006035,"Bedrooms 4, Sleeps 8",£2100 to £2500 pw
128,"Farmhouse with private pool to let, Brittany - BM003862_B","Bedrooms 3, Sleeps 7, Ratings 3 9.9/10",£695 to £895 pw
129,Charming gite for holiday rental in Brittany - BF003918,"Bedrooms 3, Sleeps 6",€750 to €1250 pw
130,"Holiday gite with private pool, Aquitaine - AT007147","Bedrooms 3, Sleeps 6",£875 to £1310 pw
131,"Holiday cottage, shared pool to let Pont-Aven - BF002047_C","Bedrooms 3, Sleeps 6, Ratings 7 9.9/10",£425 to £1225 pw
132,"Robins Nest, Gite with Pool, Deux Sevres - PS002904_C","Bedrooms 1, Sleeps 4",£550 to £655 pw
133,16thC character Poitou home with private pool - PS003088,"Bedrooms 3, Sleeps 6",£950 to £1250 pw
134,"Holiday gite, heated shared pools in Brittany - BM003538","Bedrooms 4, Sleeps 10, Ratings 5 9.9/10",£890 pw
135,Holiday cottage to let in the Loire Valley - VI005054,"Bedrooms 2, Sleeps 4, Ratings 1 9.8/10",£489 pw
136,Three gites for holiday rental in Souvigne - PS001609_B,"Bedrooms 2, Sleeps 6",£350 pw
137,Traditional gite to let in rural Normandy - NO004980,"Bedrooms 2, Sleeps 6, Ratings 19 10/10",£300 to £550 pw
138,"Holiday let in peaceful, rural Normandy - NM004962","Bedrooms 3, Sleeps 4, Ratings 4 8.8/10",£250 to £380 pw
139,"Gite to let for 2 in Port Launay, Brittany - BF006384","Bedrooms 1, Sleeps 2, Ratings 7 9.5/10",€500 pw
140,"Property to let, private heated pool, Loire V - VE004172","Bedrooms 5, Sleeps 8, Ratings 3 9.2/10",£1175 pw
141,Holiday gite with heated pool in Loire Valley - LL007331,"Bedrooms 5, Sleeps 10, Ratings 1 9.8/10",£1250 to £2500 pw
142,"Rural farmhouse in Normandy, Manche - NM003492","Bedrooms 5, Sleeps 14",£1600 pw
143,Lovely cottage with shared pool in the Aude - RA006783,"Bedrooms 2, Sleeps 4",£696 pw
144,"Normandy Holiday Cottage Rental, Le Teilleul - NM007712","Bedrooms 7, Sleeps 18",£850 to £1500 pw
145,Rural cottage to let in Vern d'Anjou - LL001494,"Bedrooms 2, Sleeps 4, Ratings 19 9.7/10",£395 to £495 pw
146,A Cottage for family holiday rental Manche - NM003111,"Bedrooms 3, Sleeps 6",£1098 pw
147,Riverside holiday house in Le Bugue - AD004889,"Bedrooms 1, Sleeps 2, Ratings 6 9.5/10",£450 to £595 pw
148,"Cottage to let in Cotes d'Armor, Brtittany - BN007484_B","Bedrooms 5, Sleeps 10",£300 to £485 pw
149,Holiday gite to let with pool near Toulouse - MA006107,"Bedrooms 2, Sleeps 6",£730 to £860 pw
150,Spacious holiday gite shared pool near Auch - MG006558,"Bedrooms 2, Sleeps 5",£460 to £530 pw
151,Gite complex in Lussais village with pool - PS004520_B,"Bedrooms 3, Sleeps 8, Ratings 3 9.6/10",£465 to £1350 pw
152,Spacious holiday gite near the Pyrenees - AP007016,"Bedrooms 3, Sleeps 6",£1050 to £1500 pw
153,Large house to let with private pool Dordogne - AD007383,"Bedrooms 3, Sleeps 8",£600 to £650 pw
154,A Holiday cottage to rent Jugon les Lacs - BN002318,"Bedrooms 3, Sleeps 6",£500 pw
155,"Family friendly gite & pool to let, Aquitaine - AD007482","Bedrooms 4, Sleeps 8",£400 to £900 pw
156,Gite to rent for Vienne holiday Montmorillon - PV002079_A,"Bedrooms 1, Sleeps 2",£300 pw
157,"Rural Gite for 2, to let in Calvados Normandy - NC006522","Bedrooms 1, Sleeps 2",£560 pw
158,Holiday gite in Normandy near St Mere Eglise - NM006337,"Bedrooms 1, Sleeps 4, Ratings 2 10/10",£365 to £450 pw
159,Gite for holiday rental Deux Sevres - PS003202,"Bedrooms 2, Sleeps 4, Ratings 2 9.3/10",£340 to £600 pw
160,"Beautiful stone house to let for 8, Dordogne - AD007307","Bedrooms 4, Sleeps 8, Ratings 1 10/10",£700 to £850 pw
161,Luxury Holiday Accommodation In Normandy - NC005115,"Bedrooms 2, Sleeps 5, Ratings 2 9.8/10",£1350 pw
162,Gite to rent for Vienne holiday Montmorillon - PV002079_B,"Bedrooms 2, Sleeps 4",£400 pw
163,Farmhouse for holiday rental Lot - ML003197,"Bedrooms 4, Sleeps 10, Ratings 2 9.8/10",£900 to £1800 pw
164,Holiday cottage with private pool in Dordogne - AD005635_A,"Bedrooms 2, Sleeps 4",£499 to £850 pw
165,Farmhouse and private pool to let in Gibourne - PM005333,"Bedrooms 4, Sleeps 8, Ratings 1 9.8/10",£650 to £700 pw
166,"Holiday house with shared pool, Soreze 3km - MT002148_A","Bedrooms 2, Sleeps 4",£580 pw
167,Rural watermill to let in Dordogne village - AD004466_A,"Bedrooms 3, Sleeps 6, Ratings 2 9.6/10",€808 pw
168,Character gite for holiday let Lot et Garonne - AT003736,"Bedrooms 2, Sleeps 5, Ratings 1 10/10",£380 to £595 pw
169,"Family friendly gite to let, pool, Aquitaine - AL007646","Bedrooms 2, Sleeps 4",£465 to £1300 pw
170,"Holiday Farmhouse, beaches 30 mins, nr Dinan - BN001600_A","Bedrooms 6, Sleeps 12, Ratings 2 8.8/10",£350 to £550 pw
171,Cosy holiday gite rental for 2 in Poullignac - PC007522,"Bedrooms 1, Sleeps 2",£580 to £650 pw
172,Holiday let overlooking river Creuse - VI004787,"Bedrooms 2, Sleeps 4, Ratings 4 9.6/10",£525 pw
173,Rural 3 bedroom cottage to let near Hesdin - DP005214,"Bedrooms 3, Sleeps 6, Ratings 11 9.9/10",£629 pw
174,Dog friendly holiday gite in rural Normandy - NM005929,"Bedrooms 3, Sleeps 6, Ratings 14 10/10",£535 to £650 pw
175,"Family friendly gite to let with pool, Brux - PV007709","Bedrooms 2, Sleeps 4",£475 to £825 pw
176,Family friendly gite to let Charente Maritime - PM005869,"Bedrooms 4, Sleeps 8",£600 to £1300 pw
177,Magnificent manor house to let in Deux Sevres - PS005379,"Bedrooms 5, Sleeps 16, Ratings 6 9.8/10",£1400 to £2400 pw
178,Holiday gite for 2 by watermill in Noyant - LL006376,"Bedrooms 1, Sleeps 2, Ratings 4 9.6/10",£480 to £575 pw
179,Holiday gite for rental in Brittany - BN000450_A,"Bedrooms 4, Sleeps 7",£590 pw
180,Self catering holiday let 15km Montmorillon - PV003533,"Bedrooms 2, Sleeps 4, Ratings 10 10/10",£465 to £650 pw
181,Gite holiday rental with shared pool Souvigne - PS001074_A,"Bedrooms 2, Sleeps 5",£620 pw
182,Holiday gite with pool near Souillac - ML006866,"Bedrooms 3, Sleeps 6",£380 pw
183,Luxury gite with 3 fishing lakes in Mayenne - LM004583,"Bedrooms 3, Sleeps 6, Ratings 10 10/10",£839 to £1289 pw
184,Cottage with shared pool in Morbihan - BM005283_B,"Bedrooms 2, Sleeps 4",£445 to £725 pw
185,Holiday cottage in Brittany with shared pool - BM006793,"Bedrooms 3, Sleeps 8",£410 pw
186,Large holiday house & pool in rural Dordogne - AD005715,"Bedrooms 4, Sleeps 8, Ratings 8 9.7/10",£1400 to £2200 pw
187,Cosy cottage for holiday rental in Dordogne - AD003068,"Bedrooms 2, Sleeps 4",£395 pw
188,Cosy barn conversion to let in rural Normandy - NM006167,"Bedrooms 2, Sleeps 3, Ratings 2 9.6/10",£385 pw
189,"Large holiday gite with pool, Midi Pyrenees - MT006002","Bedrooms 3, Sleeps 9",£830 to £1465 pw
190,"Family friendly gite & pool to let, Aquitaine - AD007482","Bedrooms 4, Sleeps 8",£400 to £900 pw
191,Holiday Gites to let in rural Brittany - BM006042,"Bedrooms 2, Sleeps 5, Ratings 7 10/10",£525 to £700 pw
192,Family holiday home in Dordogne manor grounds - AD005310,"Bedrooms 4, Sleeps 7, Ratings 5 10/10",£791 pw
193,Breton cottage to rent in rural Brittany - BM003530,"Bedrooms 1, Sleeps 2, Ratings 30 9.9/10",£360 to £440 pw
194,Lovely gite for family holidays in Gibourne - PM005171,"Bedrooms 4, Sleeps 10",£595 to £925 pw
195,Cosy 2 Bedroom holiday gite in Brittany - BN006622,"Bedrooms 2, Sleeps 4",£280 to £420 pw
196,"Holiday gite with private pool, Brittany - BN007741","Bedrooms 2, Sleeps 4",£805 pw
197,"House & gite to let with pool, Aquitaine - AD007678","Bedrooms 5, Sleeps 10",£2250 to £2950 pw
198,Beautiful stone house in Charente Maritime - PM006532,"Bedrooms 4, Sleeps 9, Ratings 3 9.9/10",£900 to £1650 pw
199,"Large holiday gite with pool, rural Dordogne - AD005777","Bedrooms 4, Sleeps 8, Ratings 1 10/10",£1295 pw
200,Cosy holiday gite rental for 2 in Poullignac - PC007522,"Bedrooms 1, Sleeps 2",£580 to £650 pw
201,Holiday cottage for 2 in Limousin - UO007581,"Bedrooms 1, Sleeps 2",£539 pw
202,Self catering holiday cottage in Brittany - BI003960_B,"Bedrooms 1, Sleeps 3",£400 pw
203,Holiday gite in rural Normandy Calvados - NC005992,"Bedrooms 3, Sleeps 6, Ratings 2 10/10",£495 to £935 pw
204,Gite for holiday rental Deux Sevres - PS003202,"Bedrooms 2, Sleeps 4, Ratings 2 9.3/10",£340 to £600 pw
205,"Farmhouse to let on rural complex, Dordogne - AD007296","Bedrooms 3, Sleeps 7",£400 to £900 pw
206,Pretty cottage to let in Charente Maritime - PM005844,"Bedrooms 2, Sleeps 4, Ratings 6 9.4/10",£555 to £985 pw
207,"Peaceful Cottage to let Pounerin, Brittany - BN006391","Bedrooms 2, Sleeps 5, Ratings 1 10/10",£750 pw
208,Holiday cottage with pool in rural Aquitaine - AT005569,"Bedrooms 3, Sleeps 8, Ratings 2 10/10",£995 to £1895 pw
209,Family gite accommodation nr St Jean-d'Angély - PM002197_C,"Bedrooms 16, Sleeps 30, Ratings 1 10/10",£445 to £1250 pw
210,"Delightful cottage to let, Charente Maritime - PM005416","Bedrooms 3, Sleeps 6, Ratings 1 10/10",£665 pw
211,Holiday cottage with pool in rural Normandy - NM005770,"Bedrooms 2, Sleeps 4, Ratings 1 10/10",£695 pw
212,Lovely farmhouse with a pool to let in Matha - PM007654,"Bedrooms 4, Sleeps 8, Ratings 1 9.5/10",£1450 pw
213,"Large farmhouse with pool to let, Dordogne - AD006738","Bedrooms 4, Sleeps 10",£850 to £2000 pw
214,Spacious holiday gite with pool in Dordogne - AD006993,"Bedrooms 4, Sleeps 8",£595 to £900 pw
215,"Holiday cottage in Brittany, nr Huelgoat - BF007106","Bedrooms 3, Sleeps 6, Ratings 1 10/10",£610 to £720 pw
216,"Cottage with pool to let nr Le Mans, Loire - LS006939","Bedrooms 3, Sleeps 6",£575 to £1200 pw
217,"Beautiful farmhouse with private pool, Indre - VE005673","Bedrooms 3, Sleeps 6, Ratings 1 9.8/10",£925 to £1325 pw
218,Lovely cottage to let with pool in Dordogne - AD007595,"Bedrooms 4, Sleeps 8",£1815 pw
219,Cottage for holiday let inBrittany - BM004184,"Bedrooms 3, Sleeps 6, Ratings 1 10/10",£399 to £580 pw
220,"Lovely disabled-friendly gite to let, Vienne - PV006790","Bedrooms 5, Sleeps 10",£560 to £665 pw
221,Large house with pool to let in Aquitaine - AD007208,"Bedrooms 6, Sleeps 12",£800 to £1200 pw
222,"Holiday cottage with private pool, Languedoc - RG007257","Bedrooms 2, Sleeps 4",£952 pw
223,"Lovely gite with shared pool, Saint Severin - PC005705","Bedrooms 3, Sleeps 6",£395 to £500 pw
224,Cottage rental for holidays nr Portbail - NM002439,"Bedrooms 2, Sleeps 4",£650 pw
225,House & pool to let in tranquil Aquitaine - AD004592,"Bedrooms 2, Sleeps 4",£800 pw
226,"3 gites with large garden and 2 pools, Loire - LA006586","Bedrooms 10, Sleeps 20",£2018 to £2890 pw
227,"Holiday let with pool, Charente Maritime - PM002756_C","Bedrooms 2, Sleeps 6, Ratings 1 10/10",£650 to £1160 pw
228,"Village house with pool to let, near Bergerac - AD002206","Bedrooms 4, Sleeps 8, Ratings 9 9.5/10",£695 to £1355 pw
229,Holiday gite in Brittany - BN006614,"Bedrooms 2, Sleeps 4, Ratings 16 9.5/10",£445 to £715 pw
230,"Holiday complex, pool and bar near Lamballe - BN002848_E","Bedrooms 2, Sleeps 4",€1000 to €1800 pw
231,"Large barn to let with private pool, Dordogne - AD005635_B","Bedrooms 10, Sleeps 20",£499 to £950 pw
232,Large holiday gite to let in Limousin - UH007236,"Bedrooms 2, Sleeps 6, Ratings 1 10/10",£600 pw
233,Family gite accommodation nr St Jean-d'Angély - PM002197_B,"Bedrooms 3, Sleeps 6",£475 to £995 pw
234,Honeysuckle holiday gite in Cotes d'Armor - BN003895_B,"Bedrooms 1, Sleeps 2, Ratings 5 9.6/10",£345 to £395 pw
235,Holiday lets plus heated pool near Saumur - LL001291_B,"Bedrooms 4, Sleeps 10, Ratings 8 9.8/10",€630 to €1040 pw
236,Rural holiday Cottage on riverbank in Coivert - PM007545,"Bedrooms 2, Sleeps 4",£435 to £530 pw
237,Lovely house with shared pool in Charente - PC006781,"Bedrooms 2, Sleeps 5",£834 to £956 pw
238,Holiday cottage rental Brittany coast 10 mins - BM000892_A,"Bedrooms 7, Sleeps 12, Ratings 2 10/10",£350 to £575 pw
239,Modern stone holiday cottage to let Charente - PC007207,"Bedrooms 2, Sleeps 4, Ratings 1 9.5/10",£1600 to £1800 pw
240,Self catering cottage rental nr Saumur - LL004095,"Bedrooms 2, Sleeps 4, Ratings 3 9.6/10",£395 to £520 pw
241,"Lovely gite with heated pool, Secondigny - PS005517","Bedrooms 3, Sleeps 4",£800 pw
242,Spacious holiday home to let in Charente - PC006408,"Bedrooms 2, Sleeps 4, Ratings 1 10/10",£900 pw
243,"Stone cottage by the sea in Normandy, Manche - NM003542","Bedrooms 2, Sleeps 4, Ratings 5 9.4/10",£540 to £585 pw
244,Holiday gite near Allonnes - LL004475,"Bedrooms 1, Sleeps 3",£350 pw
245,Beautiful gite to let in Charente Maritime - PM006858,"Bedrooms 1, Sleeps 2, Ratings 3 10/10",£455 to £490 pw
246,"Restored stone barn and pool to let, Dordogne - AD002609","Bedrooms 1, Sleeps 3, Ratings 21 9.5/10",£600 pw
247,"Stunning Rural Gite in Normandy, Orne - NO003444_A","Bedrooms 4, Sleeps 12, Ratings 3 9.8/10",£1064 to £1270 pw
248,Self catering holiday rental Limousin - UH003318,"Bedrooms 3, Sleeps 6, Ratings 1 8.3/10",£460 to £620 pw
249,"Mill house with pool to let, Deneze sous Doue - LL007716","Bedrooms 4, Sleeps 8",£900 to £1500 pw
250,Holiday gite with pool in rural Aquitaine - AT005586,"Bedrooms 1, Sleeps 2, Ratings 1 9.8/10",£375 pw
251,Gite for holiday rental shared pool nr Matha - PM002983_B,"Bedrooms 2, Sleeps 5",£400 to £905 pw
252,Holiday cottage nr coast and beaches Brittany - BM007369,"Bedrooms 3, Sleeps 6",£480 to £800 pw
253,Cottage to let in Brittany - BM004444_C,"Bedrooms 2, Sleeps 5",£395 to £495 pw
254,House in Var for holidays - CV005556,"Bedrooms 2, Sleeps 4, Ratings 3 8.9/10",£450 to £950 pw
255,Large family gite to let near Sarlat - AD006924,"Bedrooms 3, Sleeps 8",£550 pw
256,Holiday cottage with private lake in Brittany - BM004208,"Bedrooms 2, Sleeps 5, Ratings 8 10/10",£355 to £545 pw
257,Pretty Gite in Normandy for holiday rental - NM005657,"Bedrooms 2, Sleeps 4, Ratings 5 9.7/10",£650 to £900 pw
258,"Holiday gite with pool near Sarlat, Aquitaine - AD006724","Bedrooms 3, Sleeps 6",£700 to £1800 pw
259,"Light and airy gite to let, Brittany - BM005966","Bedrooms 1, Sleeps 4",£220 to £300 pw
260,"Holiday cottage, shared pool to let Pont-Aven - BF002047_A","Bedrooms 1, Sleeps 2, Ratings 11 9.8/10",£295 to £550 pw
261,Pretty gite for holiday let Vienne - PV003746,"Bedrooms 1, Sleeps 5",£650 to £700 pw
262,"Holiday rental gites, St Jean d'Angely 18km - PM002601_B","Bedrooms 8, Sleeps 18, Ratings 2 9.8/10",£525 to £1150 pw
263,"Large holiday gite with pool, rural Aquitaine - AT006034_A","Bedrooms 6, Sleeps 12, Ratings 1 10/10",£450 to £2100 pw
264,Spacious gite to let for holidays in Brittany - BN005430,"Bedrooms 4, Sleeps 9, Ratings 2 8.3/10",£730 to £1625 pw
265,"Lovely gite to let in quiet hamlet, Brittany - BN007437","Bedrooms 3, Sleeps 6",£450 to £600 pw
266,Converted barn cottage rural village Normandy - NC003371,"Bedrooms 7, Sleeps 14, Ratings 7 9.3/10",£1750 to £2950 pw
267,Self catering gite in rural Western Loire - LS003541,"Bedrooms 2, Sleeps 4, Ratings 1 10/10",£449 to £999 pw
268,Beautiful Brittany Farmhouse to let by a Lake - BN003616,"Bedrooms 4, Sleeps 8",£1120 pw
269,A Holiday Gite for rent in Brittany - BN001327_A,"Bedrooms 1, Sleeps 4",£170 pw
270,Holiday cottage with heated pool in Brittany - BM003435,"Bedrooms 3, Sleeps 6, Ratings 3 9.6/10",£880 pw
271,Cottage for holiday rental Charente Maritime - PM003292_A,"Bedrooms 2, Sleeps 4",£500 to £750 pw
272,Village holiday gite in rural Dordogne - AD006516,"Bedrooms 4, Sleeps 7",£700 to £1050 pw
273,Beautiful Country Home near La Roche-Bernard - BM003420,"Bedrooms 2, Sleeps 5, Ratings 3 8.8/10",£325 to £525 pw
274,Lovely converted barn to let in Charente - PC006886,"Bedrooms 3, Sleeps 6",£450 to £595 pw
275,Pretty gite for holiday let Vienne - PV003746,"Bedrooms 1, Sleeps 5",£650 to £700 pw
276,Holiday cottage to rent in Brittany - BM002070_A,"Bedrooms 4, Sleeps 8",£495 to £1150 pw
277,"Large holiday farmhouse with pool, Aquitaine - AD003584","Bedrooms 3, Sleeps 6, Ratings 1 9.2/10",£695 to £750 pw
278,"House to let on fishing lake, in Charente - PC007115","Bedrooms 3, Sleeps 6, Ratings 2 10/10",£1900 to £3000 pw
279,"Pretty Gite to let with pool & hot tub, Vidou - MH007286","Bedrooms 2, Sleeps 5",£490 to £750 pw
280,Stylish 4* gite with pool in Lot et Garonne - AL006966,"Bedrooms 1, Sleeps 3, Ratings 2 10/10",£675 pw
281,Holiday gite set in Dordogne Vineyard - AD006949,"Bedrooms 2, Sleeps 4, Ratings 3 9.9/10",£340 to £560 pw
282,Self catering gite Loire Valley - VI003422_A,"Bedrooms 4, Sleeps 8",£450 to £1540 pw
283,Luxury holiday gite with pool in Aquitaine - AT006134,"Bedrooms 2, Sleeps 5, Ratings 1 10/10",£700 to £900 pw
284,"Holiday gite, shared pool, views, Ploerdut - BM001005_A","Bedrooms 2, Sleeps 5",£560 pw
285,Restored Gite to let with pool nr Saumur - LL006245,"Bedrooms 2, Sleeps 4",£620 to £730 pw
286,Holiday gite in Limousin - UH005789,"Bedrooms 1, Sleeps 2",£483 to £574 pw
287,Holiday Gite in Manor estate holiday complexe - NM004600,"Bedrooms 3, Sleeps 6",£1073 pw
288,"4 Bed barn to let, close to Sarlat, Dordogne - AD003614","Bedrooms 4, Sleeps 8, Ratings 2 10/10",£695 to £1250 pw
289,Holiday gite to rent nr Benodet 6km - BF000361_C,"Bedrooms 3, Sleeps 5, Ratings 1 8.2/10",£385 to £600 pw
290,Holiday gite & shared pool to let in Brittany - BN002919_D,"Bedrooms 11, Sleeps 24, Ratings 2 9.3/10",€515 to €1600 pw
291,Lovely holiday let with a pool in Macqueville - PM007707,"Bedrooms 6, Sleeps 12",£700 to £2800 pw
292,Lovely gite to let with a pool in Auvergne - OP007670,"Bedrooms 4, Sleeps 12",£1925 pw
293,Holiday gite in Normandy near St Mere Eglise - NM006333,"Bedrooms 3, Sleeps 7, Ratings 2 10/10",£525 to £690 pw
294,"Holiday Gite to let in Angles, Vendee coast - LV006260","Bedrooms 2, Sleeps 5",£425 to £695 pw
295,"Holiday complex, pool and bar near Lamballe - BN002848_J","Bedrooms 2, Sleeps 4",€800 pw
296,Holiday gite for rent in Brittany - BN001327_B,"Bedrooms 3, Sleeps 11",£170 to £330 pw
297,"Holiday house to let for 6, Siran Languedoc - RH007552","Bedrooms 3, Sleeps 6",£700 to £850 pw
298,Gite for family holiday in Charente Maritime - PM005727,"Bedrooms 3, Sleeps 6, Ratings 1 9.7/10",£350 to £1000 pw
299,Breton holiday home to rent near Guingamp - BN002331,"Bedrooms 3, Sleeps 6, Ratings 5 9.8/10",£425 to £595 pw
300,Charming cottage to let in Cotes d'Armor - BN007672,"Bedrooms 2, Sleeps 4, Ratings 24 9.8/10",£380 to £650 pw
301,"Holiday gite in manor grounds, Brittany - BI007433","Bedrooms 1, Sleeps 2",£630 pw
302,Holiday cottage with pool near Condom - MG005502,"Bedrooms 4, Sleeps 6, Ratings 5 9.3/10",£750 pw
303,Charming couples gite to let in Vienne - PV006319,"Bedrooms 1, Sleeps 2, Ratings 1 10/10",£400 pw
304,"Cottage to let with pool and views, Aquitaine - AP007392","Bedrooms 2, Sleeps 4",£385 to £980 pw
305,Three gites for holiday rental in Souvigne - PS001609_C,"Bedrooms 2, Sleeps 4",£315 pw
306,Gite to rent for Vienne holiday Montmorillon - PV002079_B,"Bedrooms 3, Sleeps 6",£300 to £400 pw
307,Holiday apartment in scenic Normandy - NM007518,"Bedrooms 3, Sleeps 6",£500 to £600 pw
308,Charming holiday let nr St Jean-d'Angély - PM000026,"Bedrooms 1, Sleeps 3, Ratings 1 8.3/10",£220 to £335 pw
309,Self catering holiday rental Limousin - UH003318,"Bedrooms 3, Sleeps 6, Ratings 1 8.3/10",£460 to £620 pw
310,Gite with pool to let in rural Dordogne - AD005979,"Bedrooms 3, Sleeps 8",£665 to £1115 pw
311,"Holiday gite for let in Baud, Brittany - BM005177_B","Bedrooms 2, Sleeps 4, Ratings 10 9.8/10",£400 to £800 pw
312,Holiday gite with large garden in Brittany - BN004377,"Bedrooms 7, Sleeps 16, Ratings 2 9.3/10",£995 pw
313,A Holiday Gite for rent in Brittany - BN001327_A,"Bedrooms 1, Sleeps 4",£170 pw
314,Holiday country house in Gascony - MG006981,"Bedrooms 3, Sleeps 7",£603 pw
315,Luxury holiday homes in the Loire valley - VI005917,"Bedrooms 6, Sleeps 14",£2896 to £4000 pw
316,Holiday gite with pool in Brittany - BM007324,"Bedrooms 4, Sleeps 6, Ratings 4 10/10",€700 to €950 pw
317,Holiday let for 2 with private pool near Albi - MT005543,"Bedrooms 1, Sleeps 2, Ratings 1 9.8/10",£379 to £590 pw
318,Cottage with fishing lake to let in Limousin - UH004671,"Bedrooms 2, Sleeps 6, Ratings 3 9.8/10",£475 to £675 pw
319,"Holiday gite with shared pool, Aquitaine - AD007265","Bedrooms 2, Sleeps 5",£650 to £985 pw
320,Rural holiday gite for rental Western Loire - LS005851,"Bedrooms 4, Sleeps 7",£910 pw
321,Holiday cottage and swimming pool in Dordogne - AD004294,"Bedrooms 5, Sleeps 13",£1100 pw
322,River view holiday home/pool to rent Josselin - BM002230,"Bedrooms 4, Sleeps 10, Ratings 4 9.5/10",£490 pw
323,"Large gite & private pool to let, Aquitaine - AT007679","Bedrooms 6, Sleeps 14",£2060 pw
324,Holiday gite for 2 in Limousin - UH005382,"Bedrooms 1, Sleeps 2",£500 to £700 pw
325,Renovated house & pool to let in Loire Valley - VI005891_B,"Bedrooms 2, Sleeps 5",£890 to £970 pw
326,Holiday gite to let in manor grounds nr Najac - MN006900,"Bedrooms 4, Sleeps 8",£1100 to £1250 pw
327,Holiday gite in Limousin - UH005682,"Bedrooms 3, Sleeps 8, Ratings 1 10/10",£640 pw
328,"Gite for couples to let, Midi Pyrenees - MH004549","Bedrooms 1, Sleeps 2, Ratings 6 10/10",£385 to £525 pw
329,Luxurious farmhouse & pool to let in Dordogne - AD007634,"Bedrooms 5, Sleeps 10",£2450 to £6000 pw
330,"Gite & pool to let, rural Aquitaine, Dordogne - AD005006","Bedrooms 2, Sleeps 5",£425 to £555 pw
331,Lovely cottage to let near beach in Brittany - BF005685,"Bedrooms 3, Sleeps 7, Ratings 7 9.7/10",£695 to £995 pw
332,18th century farmhouse to let in Deux Sevres - PS006183,"Bedrooms 4, Sleeps 9, Ratings 1 9.7/10",£1480 to £1855 pw
333,Stunning barn conversion to let in Charente - PC006609,"Bedrooms 1, Sleeps 2, Ratings 1 9.8/10",£450 to £630 pw
334,Converted barn with private heated pool - PC003567,"Bedrooms 5, Sleeps 10, Ratings 4 9.1/10",£1180 to £2435 pw
335,Luxury holiday barn rental in Normandy - NM004626,"Bedrooms 2, Sleeps 4, Ratings 1 10/10",£625 to £650 pw
336,"Farmhouse to let with private pool, Dordogne - AD007676","Bedrooms 4, Sleeps 9",£1610 pw
337,Family Gite and shared pool near Riberac - PC004846_B,"Bedrooms 5, Sleeps 8",£710 pw
338,Gite for holiday rental in Limousin - US004410,"Bedrooms 2, Sleeps 3",£335 pw
339,Cosy rural Normandy cottage ideal for couples - NO005355,"Bedrooms 1, Sleeps 2",£650 pw
340,"Holiday Gites, pool, Brittany/Normandy border - BI006216","Bedrooms 6, Sleeps 15",£999 pw
341,Gite rental with pool in Aquitaine - AD004061,"Bedrooms 3, Sleeps 7, Ratings 3 10/10",£450 to £775 pw
342,Beautiful gite to let with a pool in Lomousin - UH007659,"Bedrooms 4, Sleeps 8",£1200 pw
343,Holiday house near landing beaches Normandy - NC006695,"Bedrooms 3, Sleeps 6, Ratings 1 9.3/10",£700 pw
344,Former farm cottage and shared pool Riberac - PC004846_D,"Bedrooms 3, Sleeps 4, Ratings 3 9.2/10",£450 pw
345,Luxury self catering gites rural nr Pontrieux - BN003129_C,"Bedrooms 6, Sleeps 12",£396 to £1098 pw
346,Holiday gite with pool in rural Dordogne - AD006839,"Bedrooms 1, Sleeps 2",£595 pw
347,Holiday let with shared pool near Poitiers - PV005063,"Bedrooms 3, Sleeps 6, Ratings 1 8.8/10",£644 to £805 pw
348,Holiday cottage in rural Aquitaine with pool - AD005074,"Bedrooms 3, Sleeps 6, Ratings 1 9.7/10",£1250 pw
349,Holiday cottage with pool in rural Dordogne - AD006824,"Bedrooms 2, Sleeps 4, Ratings 2 10/10",£500 pw
350,"Luxury farmhouse and pool to let, nr St James - BI003869","Bedrooms 4, Sleeps 12, Ratings 6 10/10",£995 to £1295 pw
351,"Robins Nest, Gite with Pool, Deux Sevres - PS002904_C","Bedrooms 1, Sleeps 4",£550 to £655 pw
352,Rural holiday Cottage to let Western Loire - LS005850,"Bedrooms 3, Sleeps 6",£770 pw
353,Holiday gite near Allonnes - LL004475,"Bedrooms 1, Sleeps 3",£350 pw
354,"Holiday gite, shared pool, Ploerdut, Brittany - BM007121_C","Bedrooms 3, Sleeps 6",£420 to £890 pw
355,Rural holiday let in tranquil Normandy - NM004635,"Bedrooms 2, Sleeps 6, Ratings 1 10/10",£360 to £540 pw
356,"Large house to let in heart of Cajarc, Lot - ML007352","Bedrooms 4, Sleeps 8",£875 pw
357,"Converted Barn for holiday lets, Loire Valley - VE006744_B","Bedrooms 4, Sleeps 8, Ratings 1 10/10",£800 to £1500 pw
358,Holiday cottage for 4 in rural Normandy - NM005381,"Bedrooms 2, Sleeps 4, Ratings 3 10/10",£475 to £795 pw
359,Holiday farmhouse to let near Tarbes - MH006141,"Bedrooms 5, Sleeps 10, Ratings 1 10/10",£2000 pw
360,Holiday cottage in Brittany - BN006745,"Bedrooms 2, Sleeps 4",£250 to £425 pw
361,Spacious holiday cottage near Limoges - UH006665,"Bedrooms 3, Sleeps 6, Ratings 1 10/10",£500 to £650 pw
362,"Watchtower & cottage to let, Midi Pyrenees - MN007726","Bedrooms 4, Sleeps 8",£700 to £1400 pw
363,"Holiday Gites, pool, Brittany/Normandy border - BI006216","Bedrooms 6, Sleeps 15",£999 pw
364,Holiday cottages/apartments to let nr Benodet - BF000236_J,"Bedrooms 3, Sleeps 5",€590 pw
365,Large holiday farmhouses with pool nr Le Lude - LS005060,"Bedrooms 8, Sleeps 18, Ratings 10 9.5/10",£1600 to £3540 pw
366,"Holiday house with shared pool, Soreze 3km - MT002148_A","Bedrooms 2, Sleeps 4",£580 pw
367,"Holiday cottage, beach 650m, South Brittany - BF003723","Bedrooms 3, Sleeps 6",£320 to £750 pw
368,Character holiday with pool to let in the Lot - ML006800,"Bedrooms 2, Sleeps 4, Ratings 1 10/10",£450 to £800 pw
369,"Holiday Gite for 3, to let in rural Vendee - LV006478","Bedrooms 2, Sleeps 3, Ratings 1 9.3/10",£465 to £850 pw
370,Holiday gite in Limousin - UH005789,"Bedrooms 1, Sleeps 2",£483 to £574 pw
371,"Stone cottage to let, views & pool, Aquitaine - AD007476_B","Bedrooms 2, Sleeps 4, Ratings 1 10/10",£530 to £650 pw
372,Holiday farmhouse near Fontenelle and Antrain - BI004479,"Bedrooms 2, Sleeps 4",£545 pw
373,Lovely cottage to let with pool in Dordogne - AD007594,"Bedrooms 3, Sleeps 6",£1675 pw
374,"Holiday gite with pool to let, rural Dordogne - AD005376","Bedrooms 6, Sleeps 12",£1080 to £3400 pw
375,Gite in the Aude Valley for holiday let - RA005203,"Bedrooms 1, Sleeps 2",£585 pw
376,Holiday farmhouse to let in rural Normandie - NM004609,"Bedrooms 4, Sleeps 7",£550 pw
377,Holiday cottage with pool in rural Dordogne - AD006824,"Bedrooms 2, Sleeps 4, Ratings 2 10/10",£500 pw
378,"Village house with pool to let, near Bergerac - AD002206","Bedrooms 4, Sleeps 8, Ratings 9 9.5/10",£695 to £1355 pw
379,Beautiful gite to let with a pool in Vienne - PV007677_A,"Bedrooms 6, Sleeps 12",£450 to £975 pw
380,Beautiful beamed gite to let in Charente - PC006587,"Bedrooms 3, Sleeps 6",£660 to £1130 pw
381,Rural Gite with pool to let in Mayenne region - LM005749,"Bedrooms 2, Sleeps 6",£475 to £790 pw
382,Lovely long house to let in Brittany - BM007091,"Bedrooms 3, Sleeps 7, Ratings 1 8.5/10",£500 pw
383,"Lovely Holiday Gite in Berneuil, Charente - PC007205","Bedrooms 2, Sleeps 4, Ratings 2 10/10",£650 to £1050 pw
384,"Farmhouse let, private pool, South Vendée - LV003818","Bedrooms 3, Sleeps 6, Ratings 8 9.8/10",£1650 pw
385,Holiday Farmhouse nr Aubeterre sur Drone - PC007461,"Bedrooms 3, Sleeps 8",£900 to £1200 pw
386,"Holiday cottage in peaceful setting, Brittany - BN007283","Bedrooms 3, Sleeps 6",£680 pw
387,Holiday cottage to let near the Vendee coast - LV006429,"Bedrooms 3, Sleeps 6, Ratings 7 10/10",£400 to £895 pw
388,Restored Water Mill to let in Deux Sevres - PS005964,"Bedrooms 3, Sleeps 6, Ratings 2 10/10",£495 to £1395 pw
389,Self catering cottage in Poitou Charentes - PC003557,"Bedrooms 2, Sleeps 4, Ratings 24 10/10",£750 to £1000 pw
390,Holiday gite for rental in Brittany - BN000450_A,"Bedrooms 8, Sleeps 15",£260 to £590 pw
391,Holiday gite with pool on the Tarn border - MV005828,"Bedrooms 2, Sleeps 5, Ratings 9 9.9/10",£455 to £855 pw
392,Gite complex in Lussais village with pool - PS004520_B,"Bedrooms 3, Sleeps 8, Ratings 3 9.6/10",£465 to £1350 pw
393,Holiday apartment in scenic Normandy - NM007518,"Bedrooms 3, Sleeps 6",£500 to £600 pw
394,"Large gite to let with pool, Aquitaine - AD007180","Bedrooms 3, Sleeps 6",£1295 to £1600 pw
395,"Stone holiday cottage, St Nicolas des Eaux - BM004473","Bedrooms 2, Sleeps 4, Ratings 1 10/10",£420 to £693 pw
396,"Holiday Cottage, private pool, in Deux Sevres - PS005881","Bedrooms 3, Sleeps 7, Ratings 6 9.5/10",£875 to £1795 pw
397,Gite for holiday rental shared pool nr Matha - PM002983_A,"Bedrooms 3, Sleeps 8, Ratings 1 10/10",£570 to £1100 pw
398,Holiday gite for 6 to let in rural Normandy - NM006848,"Bedrooms 3, Sleeps 6, Ratings 9 10/10",£650 pw
399,Charming gite & private pool to let in Cazals - ML007739,"Bedrooms 2, Sleeps 4",£1495 pw
400,"Stone cottage to let, countryside, Brittany - BM002713","Bedrooms 3, Sleeps 6, Ratings 19 9.4/10",£420 pw
401,Large Holiday Gite for 8 & pool near Surgeres - PS007270,"Bedrooms 4, Sleeps 8",£800 to £1250 pw
402,Holiday let in rural Loire Valley - VI005100_C,"Bedrooms 1, Sleeps 2",£395 to £595 pw
403,Family gite accommodation nr St Jean-d'Angély - PM002197_D,"Bedrooms 3, Sleeps 6",£445 to £975 pw
404,Holiday gite near Dinan - BN004617,"Bedrooms 2, Sleeps 4, Ratings 8 10/10",£400 to £460 pw
405,Riverside gite for relaxing holiday in Vienne - PV005246,"Bedrooms 3, Sleeps 7, Ratings 3 9.8/10",£614 to £996 pw
406,"Holiday gite complex, shared pool, Brittany - BN006697_B","Bedrooms 3, Sleeps 5",£485 to £550 pw
407,"Large converted barn to let, pool, Aquitaine - AD007614","Bedrooms 4, Sleeps 10",£1500 to £1800 pw
408,"Farmhouse to rent in Brittany, beach 1km - BF003826","Bedrooms 5, Sleeps 14, Ratings 2 9.8/10",£800 to £1200 pw
409,"Converted barn to let with pool, rural Vendée - LV005137","Bedrooms 3, Sleeps 6",£450 to £1050 pw
410,"Holiday home & heated pool, nr Canal du Midi - RH006856","Bedrooms 3, Sleeps 6",£675 to £875 pw
411,"Luxury holiday gite, private pool, Aquitaine - AT005603","Bedrooms 2, Sleeps 5, Ratings 3 9.9/10",£500 to £1550 pw
412,"Large holiday farmhouse to rent, near Saumur - LL004359","Bedrooms 4, Sleeps 10",£850 pw
413,"Riverside luxury gites with pool, Dordogne - AD004591","Bedrooms 3, Sleeps 6, Ratings 1 10/10",£880 to £1700 pw
414,Spacious barn to let in Aquitaine village - AD004570,"Bedrooms 2, Sleeps 4, Ratings 1 10/10",£375 to £400 pw
415,Cosy gite in a hamlet in Poitou Charentes - PS005092,"Bedrooms 2, Sleeps 5, Ratings 5 9.7/10",£300 to £680 pw
416,Holiday cottage in Brittany - BM007510,"Bedrooms 2, Sleeps 5",£510 to £584 pw
417,"Holiday cottage, shared pool, wi-fi, Brittany - BN000920_C","Bedrooms 5, Sleeps 13, Ratings 2 9.8/10",£1300 to £2150 pw
418,Character gite for holiday let Lot et Garonne - AT003736,"Bedrooms 2, Sleeps 5, Ratings 1 10/10",£380 to £595 pw
419,Lovely gite on working smallholding in Vienne - PV006901,"Bedrooms 1, Sleeps 2",£455 pw
420,Gite for rental in Western Loire - LS004062,"Bedrooms 1, Sleeps 4",£595 pw
421,"Holiday Cottage to let with pool, Mayenne - LM006760_A","Bedrooms 7, Sleeps 15, Ratings 1 10/10",€490 to €630 pw
422,Rural holiday gite for rental Western Loire - LS005851,"Bedrooms 4, Sleeps 7",£910 pw
423,Luxury self catering gites rural nr Pontrieux - BN003129_A,"Bedrooms 2, Sleeps 4, Ratings 3 9.8/10",£528 to £957 pw
424,Cottage for holiday let Charente Maritime - PM003454,"Bedrooms 3, Sleeps 6, Ratings 1 6.3/10",£856 to £926 pw
425,"Holiday farmhouse, private pool, Dordogne - AD007696","Bedrooms 3, Sleeps 8",£700 to £1300 pw
426,"Holiday cottage in Brittany, beaches 30 mins - BM003914","Bedrooms 2, Sleeps 8, Ratings 2 9.8/10",£525 to £595 pw
427,Luxury gite with 3 fishing lakes in Mayenne - LM004583,"Bedrooms 3, Sleeps 6, Ratings 10 10/10",£839 to £1289 pw
428,Holiday cottage in rural Aquitaine with pool - AD005074,"Bedrooms 3, Sleeps 6, Ratings 1 9.7/10",£1250 pw
429,Holiday cottage with pool in Western Loire - LV006634_B,"Bedrooms 2, Sleeps 4, Ratings 2 10/10",£504 to £1183 pw
430,Family friendly cottage to let in Charente - PC005362,"Bedrooms 2, Sleeps 5, Ratings 2 9.8/10",£900 pw
431,Luxury holiday let near St Sauveur le Vicomt - NM001949_B,"Bedrooms 1, Sleeps 2",€500 to €550 pw
432,Holiday gite for 6 with pool near Riberac - AD006496_B,"Bedrooms 3, Sleeps 6",£600 to £950 pw
433,Self catering gite in rural Western Loire - LS003541,"Bedrooms 2, Sleeps 4, Ratings 1 10/10",£449 to £999 pw
434,Beautiful gite to let in Charente Maritime - PM006858,"Bedrooms 1, Sleeps 2, Ratings 3 10/10",£455 to £490 pw
435,Holiday cottage with pool in Brittany - BM005480,"Bedrooms 3, Sleeps 7, Ratings 5 9.6/10",£1050 to £2030 pw
436,"Family gite with pool, Charente Maritime - PM005793_B","Bedrooms 6, Sleeps 13, Ratings 2 8.8/10",£850 to £900 pw
437,Open plan loft to let for holidays in Mons - PC005659,"Bedrooms 2, Sleeps 2",£735 pw
438,Holiday cottage with pool in rural Dordogne - AD005266,"Bedrooms 3, Sleeps 6, Ratings 5 9.6/10",£580 pw
439,"Large house & pool to let, Chassenon Charente - PC007414","Bedrooms 4, Sleeps 10",£995 to £1999 pw
440,"Three bed holiday gite in Cantal, Auvergne - OC006039","Bedrooms 3, Sleeps 6, Ratings 1 10/10",£675 to £1500 pw
441,Holiday cottage with private pool in Brittany - BN007520,"Bedrooms 4, Sleeps 7",£550 to £700 pw
442,"Holiday cottage in Brittany, sea 35 mins - BN002685","Bedrooms 3, Sleeps 6, Ratings 2 9.8/10",£275 to £325 pw
443,Renovated gite for family holidays in Begard - BN004790,"Bedrooms 2, Sleeps 4",£525 to £945 pw
444,Stylish rural gite to let in Poitou Charentes - PM006368,"Bedrooms 2, Sleeps 4, Ratings 1 9/10",£1300 to £1600 pw
445,"Barn conversion & pool to let, Midi Pyrenees - MA007469","Bedrooms 3, Sleeps 6",£364 to £1685 pw
446,Holiday House to let in Les Rosiers nr Saumur - LL006626,"Bedrooms 3, Sleeps 6",£750 pw
447,Holiday cottage in Barneville-Carteret - NM003243,"Bedrooms 2, Sleeps 4, Ratings 11 9.4/10",£525 to £625 pw
448,Holiday rental gite close to Buais Normandy - NM001573,"Bedrooms 2, Sleeps 4, Ratings 1 10/10",£390 to £490 pw
449,"Holiday home rental near Saumur, Loire Valley - VI001447","Bedrooms 4, Sleeps 8, Ratings 1 9.5/10",£595 to £650 pw
450,Cottage for holiday rental Charente with pool - PC003112,"Bedrooms 1, Sleeps 2, Ratings 9 9.8/10",£330 to £400 pw
451,House & private pool to let in Dordogne - AD005220,"Bedrooms 3, Sleeps 6, Ratings 1 10/10",£1000 to £1800 pw
452,Cottage for holiday rental in Limousin - US004536,"Bedrooms 4, Sleeps 12, Ratings 3 9.8/10",£1925 pw
453,Lovely cottage to let in Normandy - NO007479,"Bedrooms 3, Sleeps 6",£750 pw
454,Apartment for holiday rental in Vienne - PV002955,"Bedrooms 1, Sleeps 4, Ratings 10 10/10",£495 to £649 pw
455,Holiday cottage to rent in Brittany - BM002070_A,"Bedrooms 4, Sleeps 8",£495 to £1150 pw
456,Holiday gite for 6 with pool near Riberac - AD006496_B,"Bedrooms 3, Sleeps 6",£600 to £950 pw
457,"Pretty holiday gite in Poitou Charente, pool - PC004496_A","Bedrooms 2, Sleeps 4, Ratings 5 10/10",£545 to £775 pw
458,Idylic Farmhouse in rural Cotes d'Armor - BN003483,"Bedrooms 3, Sleeps 6, Ratings 2 9.6/10",£450 pw
459,Spacious farmhouse to let in rural Aquitaine - AG006003,"Bedrooms 5, Sleeps 12, Ratings 4 9.5/10",£1575 to £2300 pw
460,"Rural gite to let for couples, pool, Dordogne - AD007746","Bedrooms 1, Sleeps 2",£625 to £849 pw
461,Beautifully renovated 2 bed gite nr Saintes - PM006215,"Bedrooms 2, Sleeps 4, Ratings 3 9.9/10",£500 to £650 pw
462,Gite to let near Normandy Landing Beaches - NM005747,"Bedrooms 3, Sleeps 6, Ratings 6 10/10",£525 to £885 pw
463,Cottage to let in beautiful Sarthe - LS007561,"Bedrooms 5, Sleeps 10",£1920 to £2160 pw
464,Rural holiday gite close to Vendee coastline - LV005965,"Bedrooms 3, Sleeps 8",£990 pw
465,Beautiful beamed gite to let in Charente - PC006587,"Bedrooms 3, Sleeps 6",£660 to £1130 pw
466,Lakeside holiday home for rental in Correze - UH001907,"Bedrooms 4, Sleeps 8, Ratings 15 9.5/10",£283 to £525 pw
467,Village cottage let Western Loire - LL004060,"Bedrooms 1, Sleeps 3, Ratings 3 9.3/10",£395 pw
468,Cottage in Brittany with shared pool to let - BN004721,"Bedrooms 2, Sleeps 4",£595 to £795 pw
469,"Large holiday gite with pool, Midi Pyrenees - MT006002","Bedrooms 3, Sleeps 9",£830 to £1465 pw
470,Holiday gite to let in rural Normandy - NO004722,"Bedrooms 2, Sleeps 6, Ratings 2 9.6/10",£595 pw
471,"Gite to let with pool and lake, Aquitaine - AD007413","Bedrooms 2, Sleeps 5",£250 to £550 pw
472,"Period house & private pool to let, Aquitaine - AD003390","Bedrooms 3, Sleeps 6, Ratings 4 9.8/10",£795 to £1350 pw
473,Spacious holiday property near Cahors - ML006893,"Bedrooms 3, Sleeps 8",£800 to £1650 pw
474,"Holiday home & pool, short walk to Les Eyzies - AD006142","Bedrooms 2, Sleeps 4, Ratings 1 10/10",£530 to £1270 pw
475,Cottage for holiday let Vendee - LV003510,"Bedrooms 2, Sleeps 4, Ratings 2 10/10",£655 to £865 pw
476,"Family gite with pool, Charente Maritime - PM005793_A","Bedrooms 3, Sleeps 6",£850 pw
477,Cosy and tranquil holiday cottage with pool - VI004679,"Bedrooms 2, Sleeps 4, Ratings 6 9.7/10",£780 to £1195 pw
478,Holiday farmhouse with pool near Bordeaux - AG006472,"Bedrooms 4, Sleeps 9",£1435 pw
479,Charming one bedroom gite to let in Aquitaine - AT005808,"Bedrooms 1, Sleeps 3",£384 to £484 pw
480,Former farm cottage and shared pool Riberac - PC004846_D,"Bedrooms 3, Sleeps 4, Ratings 3 9.2/10",£450 pw
481,Holiday farmhouse to let near Tarbes - MH006141,"Bedrooms 5, Sleeps 10, Ratings 1 10/10",£2000 pw
482,"Holiday cottage, shared pool, wi-fi, Brittany - BN000920_A","Bedrooms 4, Sleeps 10, Ratings 4 9.9/10",£750 to £1350 pw
483,The Farmhouse for holidays in Brittany - BN001361_A,"Bedrooms 14, Sleeps 35",€1540 to €1715 pw
484,Holiday gite with ptivate pool near Bergerac - AT006034_B,"Bedrooms 1, Sleeps 2, Ratings 1 10/10",£450 to £795 pw
485,Stunning barn conversion to let nr River Lot - MV006605,"Bedrooms 3, Sleeps 6, Ratings 1 10/10",£2950 pw
486,Gite to let Grandcamp-Maisy nr D-Day Beaches - NC006156,"Bedrooms 3, Sleeps 5, Ratings 5 9.9/10",€500 pw
487,"Holiday cottage in rural Normandy, Calvados - NC005237","Bedrooms 3, Sleeps 7, Ratings 3 9.3/10",£595 pw
488,Lovely gite to let with a pool in Charante - PC007667,"Bedrooms 3, Sleeps 6",£630 to £1695 pw
489,Charming Gite to let in rural Normandy - NM003083,"Bedrooms 3, Sleeps 6, Ratings 4 10/10",£434 to £534 pw
490,Cosy Holiday Cottage for 2 in Loire Valley - VE006639,"Bedrooms 1, Sleeps 2",£195 to £295 pw
491,"Lovely home and private pool, Charente - PC005983","Bedrooms 3, Sleeps 6, Ratings 9 9.9/10",£900 to £1500 pw
492,Stone farm cottage to let in rural Dordogne - AD003550,"Bedrooms 1, Sleeps 4, Ratings 2 9.3/10",£455 to £520 pw
493,Holiday cottage with pool in rural Dordogne - AD006824,"Bedrooms 2, Sleeps 4, Ratings 2 10/10",£500 pw
494,"Holiday gite with pool in Quistinic, Brittany - BM005103","Bedrooms 3, Sleeps 6, Ratings 3 10/10",£710 pw
495,Holiday gite near Allonnes - LL004475,"Bedrooms 1, Sleeps 3",£350 pw
496,Lovely Cottages to let in Normandy - NM007227_C,"Bedrooms 2, Sleeps 3, Ratings 2 9.4/10",€525 pw
497,Holiday cottage in Limousin - UH007326,"Bedrooms 1, Sleeps 2",£665 pw
498,Large holiday farmhouses with pool nr Le Lude - LS005060,"Bedrooms 8, Sleeps 18, Ratings 10 9.5/10",£1600 to £3540 pw
499,Large holiday let in rural Midi Pyrenees - MV005704,"Bedrooms 3, Sleeps 7",£910 to £1290 pw
500,Old stone gite with secure garden near Ruffec - PC004825,"Bedrooms 1, Sleeps 2, Ratings 6 9.8/10",£190 to £380 pw
501,"Holiday gite complex, shared pool, Brittany - BN006697_D","Bedrooms 3, Sleeps 5",£365 to £600 pw
502,Spacious farmhouse holiday rental in Normandy - NM004258,"Bedrooms 6, Sleeps 12, Ratings 2 10/10",£1600 pw
503,Luxury holiday let near St Sauveur le Vicomt - NM001949_D,"Bedrooms 3, Sleeps 5",€650 to €800 pw
504,Beautiful gite to let with pool in Consac - PM007358,"Bedrooms 3, Sleeps 6, Ratings 1 10/10",£900 to £1000 pw
505,Large garden studio apartment to let in Aude - RA006798,"Bedrooms 1, Sleeps 2, Ratings 1 10/10",£362 to £690 pw
506,Beautiful 3 acre farmhouse in rural Normandy - NM003577,"Bedrooms 5, Sleeps 8, Ratings 3 9.6/10",£750 to £995 pw
507,Holiday cottage near beaches in Brittany - BN007110,"Bedrooms 3, Sleeps 7, Ratings 3 9.9/10",£555 to £805 pw
508,Holiday cottage in Brittany - BM007540,"Bedrooms 2, Sleeps 5, Ratings 1 9.2/10",£350 to £450 pw
509,Holiday gite with heated pool in rural Vendée - LV005035,"Bedrooms 3, Sleeps 6",£450 to £995 pw
510,"One of 2 Gites for holiday rental, Dordogne - AD001654","Bedrooms 3, Sleeps 6, Ratings 1 10/10",£400 to £450 pw
511,Self catering cottage 15km Evron Mayenne - LM003472,"Bedrooms 2, Sleeps 5, Ratings 2 9.9/10",£550 pw
512,Holiday cottage rental Brittany coast 10 mins - BM000892_C,"Bedrooms 3, Sleeps 4, Ratings 3 10/10",£350 to £575 pw
513,"Rural Gite for 2, to let in Calvados Normandy - NC006522","Bedrooms 1, Sleeps 2",£560 pw
514,Holiday let with pool close to Vendee beaches - LV004870_A,"Bedrooms 3, Sleeps 8, Ratings 2 10/10",£460 to £1700 pw
515,Holiday house near sea for rental in Brittany - BM003301,"Bedrooms 3, Sleeps 6, Ratings 2 9.8/10",£899 to £1600 pw
516,Pretty gite to let in peaceful Loire Valley - VI006135,"Bedrooms 1, Sleeps 2, Ratings 2 10/10",£425 to £725 pw
517,Romantic holiday let for 2 in Aquitaine - AT006263,"Bedrooms 1, Sleeps 2",£500 to £600 pw
518,"Cottage to let with pool, nr Duras, Aquitaine - AT004643","Bedrooms 1, Sleeps 2, Ratings 24 9.9/10",£500 to £600 pw
519,Gite to let with private pool in the Dordogne - AD007083,"Bedrooms 3, Sleeps 6",£650 to £1400 pw
520,"Petite Gite to let in rural Mayenne, Loire - LM005947_C","Bedrooms 1, Sleeps 2, Ratings 1 9.2/10",£375 to £580 pw
521,"Farmhouse with private pool to let, Brittany - BM003862_B","Bedrooms 3, Sleeps 7, Ratings 3 9.9/10",£695 to £895 pw
522,Holiday gite in Aquitaine with private pool - AT004450,"Bedrooms 4, Sleeps 8, Ratings 3 10/10",£1395 to £2395 pw
523,Lovely holiday cottage in rural Normandy - NM004523,"Bedrooms 4, Sleeps 7, Ratings 7 9.8/10",£449 to £699 pw
524,"Cosy Gite for 2 with shared pool, Deux Sevres - PS007425","Bedrooms 1, Sleeps 2, Ratings 1 8.8/10",£420 to £460 pw
525,"Holiday cottage with shared pool, Aquitaine - AT007460","Bedrooms 1, Sleeps 2",£480 pw
526,Holiday gite in rural Dordogne with pool - AD005864_A,"Bedrooms 2, Sleeps 4, Ratings 1 10/10",€815 to €955 pw
527,Gite for holiday rental shared pool nr Matha - PM002983_D,"Bedrooms 1, Sleeps 2",£250 to £590 pw
528,Holiday gite near Dinan - BN004617,"Bedrooms 2, Sleeps 4, Ratings 8 10/10",£400 to £460 pw
529,Barn conversion for holidays Poitou-Charentes - PS004265,"Bedrooms 2, Sleeps 4, Ratings 1 10/10",£670 to £770 pw
530,"Gite + pool to let, amazing views, Aquitaine - AT004830","Bedrooms 4, Sleeps 9",£800 to £1450 pw
531,Renovated gite for family holidays in Begard - BN004790,"Bedrooms 2, Sleeps 4",£525 to £945 pw
532,Stone holiday cottage overlooking Lot Valley - MV002851_A,"Bedrooms 2, Sleeps 4",£450 to £550 pw
533,"Holiday gite in Brittany, heated shared pool - BI003636_A","Bedrooms 1, Sleeps 2, Ratings 4 9.9/10",£320 to £435 pw
534,"Rural Holiday House in Sarthe, Western Loire - LS006056","Bedrooms 2, Sleeps 6",£1260 pw
535,Beautiful gite to let in Charente Maritime - PM006858,"Bedrooms 1, Sleeps 2, Ratings 3 10/10",£455 to £490 pw
536,Holiday Cottage for 2 in central Brittany - BN006258,"Bedrooms 1, Sleeps 2, Ratings 1 9.2/10",£449 to £554 pw
537,Holiday cottage to let in the Loire Valley - VI005054,"Bedrooms 2, Sleeps 4, Ratings 1 9.8/10",£489 pw
538,"Holiday gite & pool, fishing lake, Limousin - UH004639","Bedrooms 2, Sleeps 6, Ratings 2 9.6/10",£475 to £675 pw
539,Lovely converted barn with pool in Charente - PC006897,"Bedrooms 5, Sleeps 10",£850 to £1950 pw
540,Holiday cottage let nr Chateaubriant - LA002630,"Bedrooms 2, Sleeps 5, Ratings 3 10/10",£350 to £525 pw
541,"Spacious one bed gite & shared pool, Charente - PC006873","Bedrooms 1, Sleeps 3, Ratings 2 10/10",£420 to £545 pw
542,Family holiday home in Dordogne manor grounds - AD005310,"Bedrooms 4, Sleeps 7, Ratings 5 10/10",£791 pw
543,"Holiday house, 1 block to the sea, Cancale - BI007144","Bedrooms 3, Sleeps 8",£595 to £750 pw
544,"Holiday cottage for 2, near Albi - MT004965","Bedrooms 1, Sleeps 2, Ratings 2 9.9/10",£520 pw
545,"Luxury cottage with shared pool, Loire Valley - VI004218_E","Bedrooms 3, Sleeps 6",£595 to £795 pw
546,Self catering cottage rental nr Saumur - LL004095,"Bedrooms 2, Sleeps 4, Ratings 3 9.6/10",£395 to £520 pw
547,Lovely gite to let on complex in Charente - PC005939,"Bedrooms 2, Sleeps 5",£350 to £924 pw
548,"Holiday gite complex, shared pool, Brittany - BN006697_B","Bedrooms 3, Sleeps 5",£485 to £550 pw
549,Beautifully renovated barn to let in Charente - PC005445,"Bedrooms 6, Sleeps 14, Ratings 1 9.7/10",£750 to £2995 pw
550,"Gite in Languedoc, Aude for holiday rental - RA005530","Bedrooms 2, Sleeps 4, Ratings 1 10/10",£1050 pw
551,"Gite for holiday let, Charente Maritime - PM003506","Bedrooms 3, Sleeps 5, Ratings 10 9.3/10",£750 to £1600 pw
552,Charming gite & private pool to let in Cazals - ML007739,"Bedrooms 2, Sleeps 4",£1495 pw
553,"Gite & pool to let in Eymet, Dordogne - AD007757","Bedrooms 1, Sleeps 2",£655 to £817 pw
554,"Large farmhouse & pool to let, Midi Pyrenees - MA007622","Bedrooms 6, Sleeps 10",£765 to £3320 pw
555,"Holiday gite in Ploerdut, Brittany - BM005945","Bedrooms 3, Sleeps 6, Ratings 5 10/10",£525 to £630 pw
556,Beautiful Gite to let in Roche en Regnier - OH005166,"Bedrooms 1, Sleeps 4, Ratings 2 10/10",£400 pw
557,"Country Cottage, heated pool, nr Vendee coast - LV005648","Bedrooms 4, Sleeps 8, Ratings 3 9.8/10",£1050 to £1750 pw
558,"Rural Gite for 2, to let in Calvados Normandy - NC006522","Bedrooms 1, Sleeps 2",£560 pw
559,"Peaceful gite and private pool to let, Vienne - PV005782","Bedrooms 4, Sleeps 8, Ratings 3 9.7/10",£800 pw
560,"Lovely farmhouse & private heated pool, Pons - PM005578","Bedrooms 2, Sleeps 4, Ratings 9 9.8/10",£795 pw
561,Holiday cottage to let in Normandy village - NC005295,"Bedrooms 4, Sleeps 7",£700 to £750 pw
562,"Barn to let - couples/single traveller, Aude - RA006990","Bedrooms 1, Sleeps 2",£550 pw
563,Stylish 4* gite with pool in Lot et Garonne - AL006944,"Bedrooms 2, Sleeps 4, Ratings 3 10/10",£950 pw
564,"Two bed gite to let, shared pool, Dordogne - AD007154","Bedrooms 2, Sleeps 4, Ratings 1 10/10",£500 to £850 pw
565,Gite to let in rural Mayenne - fishing & pool - LM005067,"Bedrooms 5, Sleeps 10, Ratings 1 9.3/10",£1250 to £1850 pw
566,"Lovely 15thC Stone Cottage to let, Dordogne - AD007231","Bedrooms 3, Sleeps 6",£665 to £770 pw
567,Lovely cottage to let near beach in Brittany - BF005685,"Bedrooms 3, Sleeps 7, Ratings 7 9.7/10",£695 to £995 pw
568,"Holiday gite, shared pool, Ploerdut, Brittany - BM007121_C","Bedrooms 3, Sleeps 6",£420 to £890 pw
569,Gite to let in rural Normandy - NM004660,"Bedrooms 2, Sleeps 4, Ratings 11 9.8/10",£434 to £534 pw
570,"Petite Gite to let in rural Mayenne, Loire - LM005947_C","Bedrooms 1, Sleeps 2, Ratings 1 9.2/10",£375 to £580 pw
571,Farmhouse for holiday rental Lot - ML003197,"Bedrooms 4, Sleeps 10, Ratings 2 9.8/10",£900 to £1800 pw
572,"Family friendly gite to let with pool, Brux - PV007709","Bedrooms 2, Sleeps 4",£475 to £825 pw
573,Cottage for holiday let Charente Maritime - PM003417,"Bedrooms 2, Sleeps 4, Ratings 2 10/10",£756 pw
574,Pretty gite for family holiday in Deux Sevres - PS005076,"Bedrooms 4, Sleeps 8, Ratings 2 9.9/10",£595 to £1120 pw
575,Holiday gite in Limousin - UH005788,"Bedrooms 4, Sleeps 8",£945 to £1365 pw
576,Cottage for holiday rental in Limousin - US004536,"Bedrooms 4, Sleeps 12, Ratings 3 9.8/10",£1925 pw
577,"Lovely home and private pool, Charente - PC005983","Bedrooms 3, Sleeps 6, Ratings 9 9.9/10",£900 to £1500 pw
578,Holiday cottage with fishing lake in Livre - LM007577,"Bedrooms 2, Sleeps 6, Ratings 1 10/10",£810 to £940 pw
579,Cottage for holiday rental Lot et Garonne - AT003076,"Bedrooms 2, Sleeps 5, Ratings 1 10/10",£525 to £895 pw
580,Lovely gite to let in Le Neufbourg - NM007109,"Bedrooms 2, Sleeps 6, Ratings 1 7.3/10",£686 pw
581,Holiday house near sea for rental in Brittany - BM003301,"Bedrooms 3, Sleeps 6, Ratings 2 9.8/10",£899 to £1600 pw
582,Holiday let with pool in rural Maine et Loire - LL005165_A,"Bedrooms 6, Sleeps 12",£895 to £1495 pw
583,Picturesque gite to let in Deux Sevres - PS005440,"Bedrooms 3, Sleeps 8, Ratings 3 9.5/10",£1300 pw
584,"Dove Cottage, Cottage with Pool, Deux Sevres - PS002904_B","Bedrooms 3, Sleeps 6",£795 to £1195 pw
585,"Holiday cottage, heated pool, wi-fi, Brittany - BM004777","Bedrooms 3, Sleeps 6, Ratings 2 10/10",£750 to £1650 pw
586,Peaceful cottage to let St Michel-en-Greve - BN005172,"Bedrooms 2, Sleeps 4, Ratings 5 9.8/10",£390 to £590 pw
587,Holiday rental gite close to Buais Normandy - NM001573,"Bedrooms 2, Sleeps 4, Ratings 1 10/10",£390 to £490 pw
588,"Stunning Rural Gite in Normandy, Orne - NO003444_A","Bedrooms 4, Sleeps 12, Ratings 3 9.8/10",£1064 to £1270 pw
589,Apartment for holiday let Charente Maritime - PM003292_B,"Bedrooms 5, Sleeps 10",£500 to £1395 pw
590,"Holiday gite, shared pool, Ploerdut, Brittany - BM007121_B","Bedrooms 1, Sleeps 2",£280 to £420 pw
591,Traditional stone house to let in Deux Sevres - PS007770,"Bedrooms 3, Sleeps 6",£600 pw
592,Holiday cottage to rent near Argentat - UO001996,"Bedrooms 1, Sleeps 2",£275 pw
593,Old stone gite with secure garden near Ruffec - PC004825,"Bedrooms 1, Sleeps 2, Ratings 6 9.8/10",£190 to £380 pw
594,Harbour retreat for 2 in Charente Maritime - PM004288,"Bedrooms 1, Sleeps 2, Ratings 13 9.9/10",£684 to £784 pw
595,"Riverside gite to let, shared pool, Dordogne - AD003218_C","Bedrooms 2, Sleeps 5",€500 to €600 pw
596,Holiday let in Perigord near Bergerac - AD004782,"Bedrooms 2, Sleeps 5, Ratings 5 9.8/10",£510 to £600 pw
597,Holiday House for 9 with pool in Charente - PC007272,"Bedrooms 4, Sleeps 9",£550 to £600 pw
598,"Gite to let with pool and lake, Aquitaine - AD007413","Bedrooms 2, Sleeps 5",£250 to £550 pw
599,"Farmhouse to let with private pool, Aquitaine - AD007398","Bedrooms 4, Sleeps 8, Ratings 1 10/10",£650 to £1225 pw
600,Cottage in rural Vendee for rental with pool - LV005728,"Bedrooms 3, Sleeps 5, Ratings 4 10/10",£535 pw
601,"Lovely house with private pool, Aquitaine - AT006019","Bedrooms 3, Sleeps 6, Ratings 2 10/10",£1995 to £2500 pw
602,Holiday rental in Calvados near Lac Dathee - NC004875,"Bedrooms 3, Sleeps 6, Ratings 2 10/10",£625 pw
603,"Holiday gite, shared pool on complex, Brux - PV007702","Bedrooms 2, Sleeps 6",£525 to £875 pw
604,"Spacious farmhouse with pool to let, Charente - PC006316","Bedrooms 5, Sleeps 12, Ratings 2 9.7/10",£1200 to £1500 pw
605,Holiday cottage to rent in Bannalec - BF001457_B,"Bedrooms 1, Sleeps 2",£265 to £310 pw
606,Gite in Limousin for holiday rental - US004409,"Bedrooms 1, Sleeps 2, Ratings 2 10/10",£335 pw
607,"Cosy farmhouse to let, private pool, Dordogne - AD004371","Bedrooms 1, Sleeps 3, Ratings 6 10/10",£600 to £675 pw
608,"Holiday house in a quiet area, close to Arzal - BM007584","Bedrooms 2, Sleeps 4",£429 pw
609,Lovely Gite to let in heart of rural Mayenne - LM004291,"Bedrooms 2, Sleeps 4, Ratings 1 8.3/10",£525 pw
610,"Gite nr beach with shared heated pool, Vendee - LV006407","Bedrooms 2, Sleeps 4",£520 pw
611,Cottage for rent in Mayenne - Sleeps 2 - LM003633_B,"Bedrooms 1, Sleeps 2, Ratings 6 9.5/10",£440 pw
612,Spacious stone farmhouse with heated pool - AT004880,"Bedrooms 3, Sleeps 6, Ratings 6 9.9/10",£895 to £1700 pw
613,Rural holiday Cottage to let Western Loire - LS005850,"Bedrooms 3, Sleeps 6",£770 pw
614,"Luxury 4*house, heated pool Charente Maritime - PM005082_A","Bedrooms 3, Sleeps 6, Ratings 4 10/10",£1150 to £1420 pw
615,Holiday gite with pool near Souillac - ML006866,"Bedrooms 3, Sleeps 6",£380 pw
616,"Large holiday gite with pool, Midi Pyrenees - MT006002","Bedrooms 3, Sleeps 9",£830 to £1465 pw
617,Cottage to let nr to the coast in Brittany - BF007082,"Bedrooms 2, Sleeps 4, Ratings 2 10/10",£500 pw
618,"Holiday complex, pool and bar near Lamballe - BN002848_A","Bedrooms 4, Sleeps 8",€1500 to €2600 pw
619,Holiday gite for rent in Brittany - BN001327_B,"Bedrooms 2, Sleeps 7",£330 pw
620,"Large townhouse to let with pool, Limousin - UH007345","Bedrooms 6, Sleeps 12",£1250 to £2000 pw
621,Holiday cottage in Brittany near beaches - BM005437,"Bedrooms 4, Sleeps 8, Ratings 5 7.7/10",£895 pw
622,Large holiday gite with pool near Aurignac - MO005761,"Bedrooms 7, Sleeps 14, Ratings 3 9.5/10",£600 to £1500 pw
623,Gite to let with pool & fishing lake Dordogne - AD003943,"Bedrooms 2, Sleeps 3, Ratings 6 9.8/10",£450 to £700 pw
624,Lovely cottage with shared pool in the Aude - RA006783,"Bedrooms 2, Sleeps 4",£696 pw
625,"Large barn to let with private pool, Dordogne - AD005635_B","Bedrooms 4, Sleeps 8",£599 to £950 pw
626,Holiday house for rental near Mortain Manche - NM002311,"Bedrooms 2, Sleeps 5",£1200 pw
627,18th Century farmhouse to let in Brittany - BI005304,"Bedrooms 5, Sleeps 10, Ratings 2 10/10",£600 to £1100 pw
628,"Holiday gite, shared pool, Ploerdut, Brittany - BM007121_A","Bedrooms 7, Sleeps 14",£280 to £890 pw
629,"Holiday gite with pool, rural Aquitaine - AG005798","Bedrooms 1, Sleeps 3, Ratings 6 10/10",£540 to £715 pw
630,"Converted barn & pool to let, Dordogne - AD004212","Bedrooms 3, Sleeps 7, Ratings 1 10/10",£775 to £1500 pw
631,"3 Bed Gite to let with pool, Aquitaine - AT007462","Bedrooms 3, Sleeps 6",£650 to £1100 pw
632,Holiday cottage to rent near Josselin - BM004081,"Bedrooms 1, Sleeps 2",£352 to £402 pw
633,Holiday gite with pool in the Loire Valley - VC004437,"Bedrooms 1, Sleeps 6, Ratings 13 10/10",£310 to £460 pw
634,Holiday cottage in Brittany with shared pool - BM006793,"Bedrooms 3, Sleeps 8",£410 pw
635,Holiday Gite in rural Deux Sevres with pool - PS007235,"Bedrooms 2, Sleeps 4, Ratings 2 9.6/10",£465 pw
636,Restored Gite to let with pool nr Saumur - LL006245,"Bedrooms 2, Sleeps 4",£620 to £730 pw
637,Tranquil barn for holidays in Aquitaine - AT007354,"Bedrooms 4, Sleeps 8, Ratings 4 10/10",£1200 to £1650 pw
638,One of 7 Holiday cottages nr Chalais to rent - PC002350_A,"Bedrooms 3, Sleeps 6, Ratings 3 9.8/10",£565 to £749 pw
639,"Holiday gite in Brittany, heated shared pool - BI003636_A","Bedrooms 1, Sleeps 2, Ratings 4 9.9/10",£320 to £435 pw
640,Lovely holiday cottage in rural Normandy - NM004523,"Bedrooms 4, Sleeps 7, Ratings 7 9.8/10",£449 to £699 pw
641,"Farmhouse to let with private pool, Dordogne - AD007676","Bedrooms 4, Sleeps 9",£1610 pw
642,"Family friendly gite to let with pool, Brux - PV007709","Bedrooms 2, Sleeps 4",£475 to £825 pw
643,Holiday rental & pool nr St Jean-d'Angély - PM000398_C,"Bedrooms 3, Sleeps 9",£950 pw
644,Lovely gite to let in rural village in Vienne - PV006791,"Bedrooms 2, Sleeps 4, Ratings 1 10/10",£650 to £800 pw
645,"Large farmhouse with pool to let, Dordogne - AD006738","Bedrooms 4, Sleeps 10",£850 to £2000 pw
646,"Charming canal side holiday cottage, Brittany - BN006734","Bedrooms 1, Sleeps 2",£400 to £470 pw
647,Pretty Gite for 2 to rent in rural Vendee - LV006416,"Bedrooms 1, Sleeps 2",£635 to £815 pw
648,"Stone cottage to let, views & pool, Aquitaine - AD007476_B","Bedrooms 2, Sleeps 4, Ratings 1 10/10",£530 to £650 pw
649,Large Manor House and pool to let in Charente - PC007268,"Bedrooms 5, Sleeps 10",£2996 to £3325 pw
650,Large holiday farmhouses with pool nr Le Lude - LS005060,"Bedrooms 8, Sleeps 18, Ratings 10 9.5/10",£1600 to £3540 pw
651,"Holiday gite in Brittany, heated shared pool - BI003636_B","Bedrooms 1, Sleeps 3",£350 to £400 pw
652,Stone house for rental in Mayenne - LM003932,"Bedrooms 5, Sleeps 12, Ratings 3 7.5/10",£1200 pw
653,"Holiday cottage in Briquebec town, Normandy - NM006264","Bedrooms 2, Sleeps 4, Ratings 5 9/10",£275 to £395 pw
654,Family friendly cottage to let in Charente - PC005362,"Bedrooms 2, Sleeps 5, Ratings 2 9.8/10",£900 pw
655,"Cottage to let with pool and views, Aquitaine - AP007392","Bedrooms 2, Sleeps 4",£385 to £980 pw
656,Holiday gite for 2 in rural Mayenne - LM005296_A,"Bedrooms 1, Sleeps 2, Ratings 14 9.9/10",€517 to €737 pw
657,"Holiday farmhouse, walk to St Jean de Cole - AD004519","Bedrooms 2, Sleeps 4, Ratings 8 9.8/10",£525 to £730 pw
658,Holiday house next to Canal du Midi Languedoc - RA005470,"Bedrooms 4, Sleeps 8, Ratings 1 9.5/10",£1350 to £2550 pw
659,Holiday house to rent in Brittany - BF002650,"Bedrooms 3, Sleeps 8",£400 to £800 pw
660,"Holiday gites with pool for rental, Dordogne - AD000161_H","Bedrooms 3, Sleeps 6",£450 to £990 pw
661,"Holiday home & pool, short walk to Les Eyzies - AD006142","Bedrooms 2, Sleeps 4, Ratings 1 10/10",£530 to £1270 pw
662,"Holiday house in a quiet area, close to Arzal - BM007584","Bedrooms 2, Sleeps 4",£429 pw
663,"Holiday Gite to let in rural Mayenne, Loire - LM005947_A","Bedrooms 3, Sleeps 6, Ratings 2 9.8/10",£375 to £800 pw
664,Family holiday home in Dordogne manor grounds - AD005310,"Bedrooms 4, Sleeps 7, Ratings 5 10/10",£791 pw
665,"Holiday gite complex, shared pool, Brittany - BN006697_C","Bedrooms 3, Sleeps 7",£455 to £775 pw
666,House with shared pool for rental Soreze 3km - MT002148_B,"Bedrooms 2, Sleeps 5",£580 pw
667,Gite to let Grandcamp-Maisy nr D-Day Beaches - NC006156,"Bedrooms 3, Sleeps 5, Ratings 5 9.9/10",€500 pw
668,Lakeside Cottage to let in the Western Loire - LM007216,"Bedrooms 2, Sleeps 4",£505 to £550 pw
669,"Large gite & private pool to let, Aquitaine - AT007679","Bedrooms 6, Sleeps 14",£2060 pw
670,Holiday gite for 4 in rural Mayenne - LM005296_B,"Bedrooms 2, Sleeps 4, Ratings 10 9.9/10",€560 to €847 pw
671,Holiday gite in Brittany with private pool - BM007491,"Bedrooms 4, Sleeps 7",£1400 to £1800 pw
672,Holiday let in Indre et Loire - VI004413,"Bedrooms 2, Sleeps 6",£700 pw
673,South Brittany holiday let with private pool - LA003863,"Bedrooms 7, Sleeps 12, Ratings 8 9.7/10",£2200 to £2950 pw
674,Holiday Gite with private pool in Vendee - LV006067,"Bedrooms 2, Sleeps 4, Ratings 1 10/10",£450 to £950 pw
675,Gite for 6 with pool for rental Western Loire - LL006980,"Bedrooms 3, Sleeps 6, Ratings 1 9.2/10",£300 to £500 pw
676,Family gite to let on complex nr La Rochelle - PM005762,"Bedrooms 2, Sleeps 5",£300 to £900 pw
677,"Holiday cottage, shared pool to let Pont-Aven - BF002047_A","Bedrooms 1, Sleeps 2, Ratings 11 9.8/10",£295 to £550 pw
678,Gite for holiday rental in Brittany - BF003071,"Bedrooms 2, Sleeps 5, Ratings 6 9.3/10",£325 to £565 pw
679,Holiday house in Brittany - BM007376,"Bedrooms 4, Sleeps 8",£450 to £850 pw
680,Holiday cottage for 4 near Orthez - AP006575,"Bedrooms 2, Sleeps 4, Ratings 1 10/10",£350 to £840 pw
681,Holiday gite rental in Vendee village - LV001977_B,"Bedrooms 4, Sleeps 13",£320 to £650 pw
682,"Holiday rental, quiet setting Benodet 6km - BF000361_A","Bedrooms 7, Sleeps 14, Ratings 10 9.3/10",£375 to £625 pw
683,"Holiday rental, sandy beach 120m, Brittany - BM007364_C","Bedrooms 7, Sleeps 16",£440 to £880 pw
684,Pretty holiday cottage to let in Brittany - BM005126,"Bedrooms 2, Sleeps 6, Ratings 2 10/10",£450 to £700 pw
685,Lovely holiday let with a pool in Macqueville - PM007707,"Bedrooms 6, Sleeps 12",£700 to £2800 pw
686,Holiday let with pool in rural Western Loire - LL005072_A,"Bedrooms 13, Sleeps 31, Ratings 2 9.7/10",€495 to €1165 pw
687,Cottage to let in Aquitaine with lake - AT004390,"Bedrooms 2, Sleeps 5",£695 to £825 pw
688,Modern stone holiday cottage to let Charente - PC007207,"Bedrooms 2, Sleeps 4, Ratings 1 9.5/10",£1600 to £1800 pw
689,"Restored Farmhouse & pool to let, Deux Sevres - PS007429","Bedrooms 3, Sleeps 6",£850 pw
690,Restored House to let for 4 in Loire Valley - VC006801,"Bedrooms 2, Sleeps 4, Ratings 1 10/10",£900 pw
691,Holiday cottage & pool Brittany - BF000872_C,"Bedrooms 3, Sleeps 7",£419 to £875 pw
692,"Holiday Cottage to let with pool, Mayenne - LM006760_A","Bedrooms 7, Sleeps 15, Ratings 1 10/10",€490 to €630 pw
693,"Holiday gite, shared pool on complex, Brux - PV007702","Bedrooms 2, Sleeps 6",£525 to £875 pw
694,Gite rental with pool in Aquitaine - AD004061,"Bedrooms 3, Sleeps 7, Ratings 3 10/10",£450 to £775 pw
695,"2 Bed Gite to let with heated pool, Aquitaine - AD007225","Bedrooms 2, Sleeps 5",£1300 pw
696,"Beautiful gite with shared pool to let, Aude - RA006797","Bedrooms 2, Sleeps 4",£735 pw
697,"Large house & pool to let, Chassenon Charente - PC007414","Bedrooms 4, Sleeps 10",£995 to £1999 pw
698,Restored Barn to let in Normandy Calvados - NC003452,"Bedrooms 3, Sleeps 6, Ratings 8 9.7/10",£795 to £895 pw
699,Holiday Gite with private pool near Castelnau - MT005848,"Bedrooms 1, Sleeps 2, Ratings 3 9.8/10",£550 to £650 pw
700,"Rural Gite for 2 & shared pool to let, Loire - LM006104","Bedrooms 1, Sleeps 2",£550 to £600 pw
701,"Rural holiday cottage, Caurel, North Brittany - BN006303","Bedrooms 3, Sleeps 6, Ratings 1 3.7/10",£684 pw
702,Family friendly gite for holidays near Civray - PV004809,"Bedrooms 4, Sleeps 10, Ratings 4 10/10",£649 to £1799 pw
703,"Character gite to let, rural Normandy village - NE005489","Bedrooms 2, Sleeps 4, Ratings 4 9.3/10",£600 pw
704,Gite for rental overlooking Medieval Dinan - BN005484,"Bedrooms 2, Sleeps 4, Ratings 5 9.5/10",£500 to £580 pw
705,Beautiful stone house in Charente Maritime - PM006532,"Bedrooms 4, Sleeps 9, Ratings 3 9.9/10",£900 to £1650 pw
706,"Large holiday farmhouse with pool, Aquitaine - AD003584","Bedrooms 3, Sleeps 6, Ratings 1 9.2/10",£695 to £750 pw
707,Cottage to let in beautiful Sarthe - LS007561,"Bedrooms 5, Sleeps 10",£1920 to £2160 pw
708,Cottage for holiday rental in Limousin - US004536,"Bedrooms 4, Sleeps 12, Ratings 3 9.8/10",£1925 pw
709,Holiday gite in Normandy near St Mere Eglise - NM006337,"Bedrooms 1, Sleeps 4, Ratings 2 10/10",£365 to £450 pw
710,Holiday gite for rent in Brittany - BN001327_B,"Bedrooms 2, Sleeps 7",£330 pw
711,Holiday let in gite complex near Carlux - AD004978,"Bedrooms 1, Sleeps 4",£360 to £600 pw
712,Lovely family fishing gite to let in Charente - PC005108,"Bedrooms 3, Sleeps 8, Ratings 7 9.7/10",£545 to £1295 pw
713,Holiday villa in Provence with private pool - CV006583,"Bedrooms 3, Sleeps 6",£800 to £1500 pw
714,Beautiful gite to let in Charente Maritime - PM006858,"Bedrooms 1, Sleeps 2, Ratings 3 10/10",£455 to £490 pw
715,Three gites for holiday rental in Souvigne - PS001609_C,"Bedrooms 2, Sleeps 4",£315 pw
716,3 Lovely holiday cottages 1 hr from Cherbourg - NM002654_C,"Bedrooms 4, Sleeps 8, Ratings 1 10/10",£385 to £745 pw
717,"Holiday house, Gorron 3km, own lake & forest - LM003196","Bedrooms 2, Sleeps 4, Ratings 8 10/10",£475 to £590 pw
718,Traditional holiday cottage to let near Lot - ML003980,"Bedrooms 3, Sleeps 6, Ratings 1 10/10",£630 pw
719,Bijoux property with shared pool in Charente - PC006572_B,"Bedrooms 2, Sleeps 4",€700 to €1050 pw
720,"Holiday cottage in Briquebec town, Normandy - NM006264","Bedrooms 2, Sleeps 4, Ratings 5 9/10",£275 to £395 pw
721,"Luxury farmhouse and pool to let, Normandy - NM006457","Bedrooms 5, Sleeps 14, Ratings 8 9.8/10",£1295 to £1650 pw
722,Holiday let in gite complex near Carlux - AD004978,"Bedrooms 1, Sleeps 4",£360 to £600 pw
723,Holiday gite to let near Gavray Normandy - NM002128,"Bedrooms 1, Sleeps 2, Ratings 1 9.7/10",£285 pw
724,"Rural gite to let with pool, Midi Pyrenees - MT007446","Bedrooms 2, Sleeps 4",£550 pw
725,"Converted Barn for holiday lets, Loire Valley - VE006744_B","Bedrooms 4, Sleeps 8, Ratings 1 10/10",£800 to £1500 pw
726,18th century farmhouse to let in Deux Sevres - PS006183,"Bedrooms 4, Sleeps 9, Ratings 1 9.7/10",£1480 to £1855 pw
727,Traditional Stone Holiday Home nr Manche - NM003999,"Bedrooms 3, Sleeps 9, Ratings 3 9.4/10",£400 to £450 pw
728,Spacious gite in a complex in Poitou Charente - PV003761,"Bedrooms 2, Sleeps 6",£650 to £700 pw
729,Lakeside holiday home for rental in Correze - UH001907,"Bedrooms 4, Sleeps 8, Ratings 15 9.5/10",£283 to £525 pw
730,Large holiday let with pool in rural Normandy - NO005191,"Bedrooms 4, Sleeps 8",£1395 pw
731,"Holiday house to let for 6, Siran Languedoc - RH007552","Bedrooms 3, Sleeps 6",£700 to £850 pw
732,"Luxury gite in Deux Sevres, 3.5 hrs to ports - PS005150","Bedrooms 3, Sleeps 6, Ratings 1 9.8/10",£1400 pw
733,"Complex of 5 gites, sleeps 25, Deux Sevres - PS007500","Bedrooms 13, Sleeps 25",£2600 pw
734,Family Holiday Gite to let in Gibourne - PM007079,"Bedrooms 4, Sleeps 9",£575 to £895 pw
735,1 bedroom holiday with pool gite near Eymet - AT006594,"Bedrooms 1, Sleeps 2",£580 to £650 pw
736,Family holiday home in Dordogne manor grounds - AD005310,"Bedrooms 4, Sleeps 7, Ratings 5 10/10",£791 pw
737,Riverside holiday gite with pool in Brittany - BM007289,"Bedrooms 3, Sleeps 6",£720 to £1390 pw
738,Lovely gite to let on complex in Charente - PC005866,"Bedrooms 3, Sleeps 8",£560 to £1540 pw
739,A Holiday Gite for rent in Brittany - BN001327_A,"Bedrooms 1, Sleeps 4",£170 pw
740,Cottage for holiday let Marennes - PM003806,"Bedrooms 2, Sleeps 4",£616 to £756 pw
741,Holiday gite in rural Dordogne with pool - AD005864_A,"Bedrooms 2, Sleeps 4, Ratings 1 10/10",€815 to €955 pw
742,"Riverside gite to let, sleeps 7, pets, Dinan - BN006628","Bedrooms 3, Sleeps 7, Ratings 12 10/10",£785 to £1035 pw
743,Self catering gite 10 minutes Grignols - AG004072,"Bedrooms 1, Sleeps 4, Ratings 5 9.8/10",£320 pw
744,"Holiday rental gites, St Jean d'Angely 18km - PM002601_B","Bedrooms 8, Sleeps 18, Ratings 2 9.8/10",£525 to £1150 pw
745,Beautiful gite to let with pool in Consac - PM007358,"Bedrooms 3, Sleeps 6, Ratings 1 10/10",£900 to £1000 pw
746,Farmhouse for holiday rental near Marmande - AT002775,"Bedrooms 2, Sleeps 4",£495 to £640 pw
747,Holiday gite with pool near Toulouse - MA006106,"Bedrooms 3, Sleeps 6",£860 to £1000 pw
748,"Large holiday character gite, rural Normandy - NM006440","Bedrooms 6, Sleeps 12",€1200 to €1500 pw
749,Holiday cottage to rent in Bannalec - BF001457_B,"Bedrooms 1, Sleeps 2",£265 to £310 pw
750,"Holiday gite, shared pool, views, Ploerdut - BM001005_E","Bedrooms 14, Sleeps 36",£560 to £946 pw
751,"Family gite with pool, Charente Maritime - PM005793_A","Bedrooms 3, Sleeps 6",£850 pw
752,"Holiday house, Gorron 3km, own lake & forest - LM003196","Bedrooms 2, Sleeps 4, Ratings 8 10/10",£475 to £590 pw
753,"Holiday let for 2 with pool, rural Aquitaine - AD005080","Bedrooms 1, Sleeps 2, Ratings 18 9.9/10",£700 pw
754,Holiday cottage with private lake in Brittany - BM004208,"Bedrooms 2, Sleeps 5, Ratings 8 10/10",£355 to £545 pw
755,"Holiday Gite to let in rural Mayenne, Loire - LM005947_A","Bedrooms 3, Sleeps 6, Ratings 2 9.8/10",£375 to £800 pw
756,Holiday gite for 2 by watermill in Noyant - LL006376,"Bedrooms 1, Sleeps 2, Ratings 4 9.6/10",£480 to £575 pw
757,"Stone Farmhouse, shared pool in Cotes d'Armor - BN003487_B","Bedrooms 6, Sleeps 16",£350 to £1250 pw
758,Stone barn & pool for holiday let in Dordogne - AD005724,"Bedrooms 2, Sleeps 4, Ratings 2 9.2/10",£600 to £1200 pw
759,"Farmhouse with private pool to let, Charente - PC005951","Bedrooms 4, Sleeps 8, Ratings 12 10/10",£899 to £1649 pw
760,Holiday house to let in Brittany - BM004444_A,"Bedrooms 4, Sleeps 10",£995 pw
761,Beautiful 16thC barn to let in Aquitaine - AD007135,"Bedrooms 2, Sleeps 4",£600 to £750 pw
762,"Converted Barn to let, sleeps 4, near Saumur - PV007249","Bedrooms 2, Sleeps 4",£570 to £1202 pw
763,Rural holiday gite for 2 to let in Charente - PC003589,"Bedrooms 1, Sleeps 2, Ratings 1 10/10",£395 to £499 pw
764,"Holiday gites with pool for rental, Dordogne - AD000161_F","Bedrooms 2, Sleeps 6",£420 to £940 pw
765,"Holiday gite for 2 with pool, Lot-et-Garonne - AT006971","Bedrooms 1, Sleeps 2",£660 to £810 pw
766,Holiday house to let near Saintes and the sea - PM004446,"Bedrooms 3, Sleeps 4",£440 pw
767,Gite to let in beautiful Poitou Charentes - PC007074,"Bedrooms 1, Sleeps 2, Ratings 1 10/10",£350 to £420 pw
768,Holiday gite accommodation nr La Palmyre - PM002091,"Bedrooms 3, Sleeps 6, Ratings 2 9.8/10",£700 pw
769,"Characterful holiday gite & pool, Aquitaine - AT007452","Bedrooms 3, Sleeps 6",£650 to £1100 pw
770,Holiday gite near Vendée coast (dog-friendly) - LV005971,"Bedrooms 2, Sleeps 4, Ratings 4 9.6/10",£445 to £475 pw
771,"Holiday house, 1 block to the sea, Cancale - BI007144","Bedrooms 3, Sleeps 8",£595 to £750 pw
772,"Holiday home rental near Saumur, Loire Valley - VI001447","Bedrooms 4, Sleeps 8, Ratings 1 9.5/10",£595 to £650 pw
773,"Tranquil gite with shared pool, Le Gicq - PM005651","Bedrooms 3, Sleeps 6, Ratings 2 10/10",£380 pw
774,Converted barn in Midi Pyrenees to let - ML004295,"Bedrooms 3, Sleeps 6, Ratings 2 9.9/10",£355 to £990 pw
775,"Cosy rural Gite to let & pool, Loire Valley - VI005891_C","Bedrooms 1, Sleeps 2",£545 to £665 pw
776,Gite for holiday rental shared pool nr Matha - PM002983_C,"Bedrooms 2, Sleeps 5",£420 to £915 pw
777,Cottage with pool to let in Charente Maritime - PM005354,"Bedrooms 2, Sleeps 5",£400 pw
778,"Lovely small holiday house watersedge, Crozon - BF002860_D","Bedrooms 2, Sleeps 4",£351 to £711 pw
779,Holiday let in rural Loire Valley - VI005100_D,"Bedrooms 1, Sleeps 2",£395 to £595 pw
780,Cosy holiday gite for adults rural Normandy - NM006512,"Bedrooms 2, Sleeps 4, Ratings 9 10/10",£469 to £525 pw
781,Family gite to let on complex nr La Rochelle - PM005762,"Bedrooms 2, Sleeps 5",£300 to £900 pw
782,Self catering holiday cottage in Brittany - BI003960_B,"Bedrooms 1, Sleeps 3",£400 pw
783,Holiday let 4km from the Vendée coast - LV004385,"Bedrooms 2, Sleeps 5, Ratings 10 9.6/10",£345 to £545 pw
784,Lovely cottage to let on a island in Normandy - NO001378_B,"Bedrooms 1, Sleeps 2",£700 pw
785,"Holiday cottage in Langonnet, Brittany - BM005731","Bedrooms 5, Sleeps 10, Ratings 1 10/10",£630 to £1030 pw
786,"Holiday cottage rental for couples, Brittany - BF003997_A","Bedrooms 1, Sleeps 2",£325 to £330 pw
787,Self catering holiday gite in Western Loire - LS004059,"Bedrooms 3, Sleeps 6, Ratings 1 10/10",£950 pw
788,Family gite accommodation nr St Jean-d'Angély - PM002197_D,"Bedrooms 3, Sleeps 6",£445 to £975 pw
789,"Cottage, holiday rental, Nantes-Brest Canal - BF002666","Bedrooms 3, Sleeps 6, Ratings 5 9.9/10",£375 pw
790,Large gite to let on complex in Charente - PC006033_B,"Bedrooms 4, Sleeps 10",£1120 to £1232 pw
791,Holiday cottage with fishing lake in Livre - LM007577,"Bedrooms 2, Sleeps 6, Ratings 1 10/10",£810 to £940 pw
792,Family gite to let on complex in Charente - PC006033_A,"Bedrooms 2, Sleeps 4",£560 to £616 pw
793,Large gite to let in Charente Maritime - PM005726,"Bedrooms 4, Sleeps 8",£500 to £1200 pw
794,Pretty Gite with shared pool near Riberac - PC004846_A,"Bedrooms 16, Sleeps 28, Ratings 3 9.8/10",£450 to £800 pw
795,"Gite to let with pool and lake, Aquitaine - AD007413","Bedrooms 2, Sleeps 5",£250 to £550 pw
796,18th Century farmhouse to let in Brittany - BI005304,"Bedrooms 5, Sleeps 10, Ratings 2 10/10",£600 to £1100 pw
797,Holiday let for 2 with pool in Aquitaine - AT004947,"Bedrooms 1, Sleeps 2, Ratings 1 10/10",£300 pw
798,"Gite to let with private pool, Midi Pyrenees - MT007427","Bedrooms 4, Sleeps 8, Ratings 2 10/10",£799 to £1299 pw
799,Lovely cottage to let in rural Normandy - NM004176,"Bedrooms 1, Sleeps 2, Ratings 4 9.8/10",£295 pw
800,Stone holiday cottage overlooking Lot Valley - MV002851_A,"Bedrooms 2, Sleeps 4",£450 to £550 pw
801,"Holiday cottage, shared pool, wi-fi, Brittany - BN000920_C","Bedrooms 11, Sleeps 29, Ratings 2 9.8/10",£400 to £2150 pw
802,Family gite to let on complex nr La Rochelle - PM005763,"Bedrooms 2, Sleeps 5",£300 to £900 pw
803,Renovated gite for holidays in Deux Sevres - PS004984,"Bedrooms 2, Sleeps 4, Ratings 5 9.9/10",£564 to £1014 pw
804,Rural Cottage in Normandy Manche - NM003449,"Bedrooms 2, Sleeps 5, Ratings 3 8.7/10",£350 to £490 pw
805,Gite for holiday rental Manche - NM003331_A,"Bedrooms 2, Sleeps 7, Ratings 27 9.7/10",£395 to £645 pw
806,"Pretty stone holiday cottage, pool, Aquitaine - AD007470","Bedrooms 2, Sleeps 4",£495 to £670 pw
807,Gite to let in rural Charente + shared pool - PC004724,"Bedrooms 2, Sleeps 2, Ratings 3 10/10",£735 pw
808,Holiday house to let in Normandy - NM003167,"Bedrooms 2, Sleeps 4, Ratings 8 8.9/10",£350 to £650 pw
809,Pretty Gite in Normandy for holiday rental - NM005657,"Bedrooms 2, Sleeps 4, Ratings 5 9.7/10",£650 to £900 pw
810,Holiday gite with pool in rural Dordogne - AD006839,"Bedrooms 1, Sleeps 2",£595 pw
811,"Large house to let, centre of Salies de Bearn - AP007322","Bedrooms 5, Sleeps 11",£725 pw
812,Lovely gite to let with a pool in Charante - PC007667,"Bedrooms 3, Sleeps 6",£630 to £1695 pw
813,Holiday let in rural Loire Valley - VI005100_C,"Bedrooms 1, Sleeps 2",£395 to £595 pw
814,Detached cottage with garden to rent nr Royan - PM000612,"Bedrooms 3, Sleeps 6, Ratings 2 7.8/10",£480 to £585 pw
815,Rural Holiday Gite for 2 in Vendee - LV006411,"Bedrooms 1, Sleeps 2",£675 to £850 pw
816,Stunning barn to let with pool in Calvados - NC003291,"Bedrooms 4, Sleeps 10, Ratings 1 10/10",£950 to £1800 pw
817,Holiday gite with private pool in Aquitaine - AD004820,"Bedrooms 4, Sleeps 8, Ratings 7 9.9/10",£650 to £850 pw
818,Charming gite & private pool to let in Cazals - ML007739,"Bedrooms 2, Sleeps 4",£1495 pw
819,Village cottage let Western Loire - LL004060,"Bedrooms 1, Sleeps 3, Ratings 3 9.3/10",£395 pw
820,Large gite to let on complex in Charente - PC006033_B,"Bedrooms 14, Sleeps 30",£560 to £1232 pw
821,Romantic cottage with pool near Poitiers - PV006204,"Bedrooms 1, Sleeps 2, Ratings 9 9.9/10",£400 to £470 pw
822,"Holiday cottage for 2, Limousin - UH007384","Bedrooms 1, Sleeps 2",£240 pw
823,"Holiday gite with shared pool, Aquitaine - AD007265","Bedrooms 2, Sleeps 5",£650 to £985 pw
824,Gite to let in beautiful Poitou Charentes - PC007074,"Bedrooms 1, Sleeps 2, Ratings 1 10/10",£350 to £420 pw
825,Beautiful gite with pool in Charente Maritime - PM005745,"Bedrooms 4, Sleeps 10, Ratings 1 9.5/10",£1200 to £1400 pw
826,Holiday cottage to rent in Brittany - BM002070_A,"Bedrooms 4, Sleeps 8",£495 to £1150 pw
827,"Perigordian stone cottage to let, Aquitaine - AD007476_A","Bedrooms 2, Sleeps 4",£560 to £680 pw
828,"Cottage to let with pool, games room, Cognac - PM005358","Bedrooms 3, Sleeps 8",£450 pw
829,Cottage for holiday rental in Limousin - US004536,"Bedrooms 4, Sleeps 12, Ratings 3 9.8/10",£1925 pw
830,Lovely Holiday Gite in rural Normandy - NM007389,"Bedrooms 3, Sleeps 6",£434 to £534 pw
831,Holiday cottage on North Brittany coast - BN004744,"Bedrooms 1, Sleeps 2, Ratings 1 10/10",£535 to £630 pw
832,Holiday house to let in Plouguenast Brittany - BN002502,"Bedrooms 2, Sleeps 5",£450 pw
833,Gite for holiday rental Deux Sevres - PS003202,"Bedrooms 2, Sleeps 4, Ratings 2 9.3/10",£340 to £600 pw
834,Restored barn & pool to let in the Perigord - AD004022,"Bedrooms 2, Sleeps 5, Ratings 3 9.7/10",£863 pw
835,Holiday cottage and pool to rent Brittany - BM002351_C,"Bedrooms 3, Sleeps 5, Ratings 3 10/10",£490 to £685 pw
836,Lovely gite to let with a pool in the Vendee - LV007718_A,"Bedrooms 2, Sleeps 4",€390 to €741 pw
837,Beautiful Brittany Farmhouse to let by a Lake - BN003616,"Bedrooms 4, Sleeps 8",£1120 pw
838,"Petite maison for 2, rural Calvados, Normandy - NC006274","Bedrooms 1, Sleeps 2, Ratings 2 9.2/10",£459 to £579 pw
839,Rural gite to let for holidays in Serigny - PV005855,"Bedrooms 2, Sleeps 4",£455 pw
840,Cottage for holiday let Charente Maritime - PM003454,"Bedrooms 3, Sleeps 6, Ratings 1 6.3/10",£856 to £926 pw
841,Beautiful rural farmhouse to let - NM003791,"Bedrooms 4, Sleeps 10, Ratings 1 7.8/10",£700 pw
842,"Characterful holiday gite & pool, Aquitaine - AT007406","Bedrooms 3, Sleeps 6",£800 to £1400 pw
843,Family gite to let on complex in Charente - PC006033_A,"Bedrooms 2, Sleeps 4",£560 to £616 pw
844,"Holiday Gite for 3, to let in rural Vendee - LV006478","Bedrooms 2, Sleeps 3, Ratings 1 9.3/10",£465 to £850 pw
845,Cottage for holiday let Charente Maritime - PM003418,"Bedrooms 3, Sleeps 6",£826 pw
846,Beautiful house and pool to let in Gournay - PS005292,"Bedrooms 4, Sleeps 8, Ratings 4 9.9/10",£1295 to £2275 pw
847,Couples gite to let for holidays in Serigny - PV005854,"Bedrooms 1, Sleeps 2, Ratings 1 10/10",£406 pw
848,Converted barn cottage rural village Normandy - NC003371,"Bedrooms 7, Sleeps 14, Ratings 7 9.3/10",£1750 to £2950 pw
849,Poolside gite for holidays in Charente - PC006588,"Bedrooms 2, Sleeps 4, Ratings 1 10/10",£465 to £862 pw
850,"Windmill to let, heated pool, nr Carcassonne - RA004836","Bedrooms 1, Sleeps 2, Ratings 5 9.5/10",£450 to £790 pw
851,"Rural cottage and private pool, Loire Valley - VE006294","Bedrooms 1, Sleeps 2, Ratings 1 10/10",£495 to £695 pw
852,Beach holiday manor house rental in Brittany - BF003014,"Bedrooms 5, Sleeps 12, Ratings 4 8.8/10",£895 to £1795 pw
853,Rural watermill to let in Dordogne village - AD004466_B,"Bedrooms 3, Sleeps 6, Ratings 2 10/10",€808 pw
854,Holiday cottages/apartments to let nr Benodet - BF000236_J,"Bedrooms 3, Sleeps 5",€590 pw
855,Holiday gite with pool in Dordogne vineyard - AD005984,"Bedrooms 3, Sleeps 8, Ratings 3 9.9/10",€560 to €1400 pw
856,Gite to let in Charente Maritime - PM006648_B,"Bedrooms 3, Sleeps 6",£330 to £1220 pw
857,"Spacious gite with pool to let, Chavenat - PC004232","Bedrooms 2, Sleeps 6",£440 pw
858,Barn Conversion and Large Pool near Ruffec - PC004951,"Bedrooms 3, Sleeps 6, Ratings 8 9.7/10",£845 to £1295 pw
859,Holiday gite with pool & hot tub in Brittany - BM007649,"Bedrooms 3, Sleeps 6",£500 to £1000 pw
860,"Carriage house rental, Manche - NM001773_B","Bedrooms 5, Sleeps 12",£865 to £1066 pw
861,"Holiday gite, shared pool, views, Ploerdut - BM001005_E","Bedrooms 3, Sleeps 12",£946 pw
862,Holiday gite with pool on the Tarn border - MV005828,"Bedrooms 2, Sleeps 5, Ratings 9 9.9/10",£455 to £855 pw
863,Renovated barn for holiday rental Vendée - LV003031,"Bedrooms 6, Sleeps 12",£1250 pw
864,Spacious gite to let in Charente Maritime - PM006658,"Bedrooms 2, Sleeps 4, Ratings 1 9.5/10",£370 to £465 pw
865,Large holiday let in rural Loire Valley - VI005100_A,"Bedrooms 3, Sleeps 6",£895 to £1495 pw
866,Cottage to let in Aquitaine with lake - AT004390,"Bedrooms 2, Sleeps 5",£695 to £825 pw
867,Gite to let in Normandy/Pays de Loire - LS005012,"Bedrooms 4, Sleeps 9",£700 pw
868,Lovely gite to let in large grounds in Aude - RA006540,"Bedrooms 3, Sleeps 6",£350 to £880 pw
869,Large holiday let in rural Maine et Loire - LL005075,"Bedrooms 4, Sleeps 8, Ratings 4 9.8/10",£1400 to £2100 pw
870,Holiday cottage to rent near beach Brittany - BM000798,"Bedrooms 3, Sleeps 6, Ratings 7 9.1/10",£400 pw
871,Holiday cottage with private lake in Brittany - BM004208,"Bedrooms 2, Sleeps 5, Ratings 8 10/10",£355 to £545 pw
872,Holiday gite in Limousin - UH005682,"Bedrooms 3, Sleeps 8, Ratings 1 10/10",£640 pw
873,"Holiday gite complex, shared pool, Brittany - BN006697_D","Bedrooms 3, Sleeps 5",£365 to £600 pw
874,Rural holiday Cottage near to Vendee Coast - LV005835,"Bedrooms 2, Sleeps 4",£500 to £600 pw
875,Spacious holiday farmhouse in rural Dordogne - AD006235,"Bedrooms 4, Sleeps 12",£1344 to £1882 pw
876,"Gite to let, private heated pool in Limousin - UH007682","Bedrooms 2, Sleeps 5",£495 to £875 pw
877,Romantic holiday let for 2 in Aquitaine - AT006263,"Bedrooms 1, Sleeps 2",£500 to £600 pw
878,Holiday cottage & pool St Remy de Provence - CB004283,"Bedrooms 3, Sleeps 6",£850 to £1395 pw
879,"Stunning gite to let, private pool, Aquitaine - AP007494","Bedrooms 2, Sleeps 4",£450 to £690 pw
880,"Holiday gite in Brittany, heated shared pool - BI003636_B","Bedrooms 1, Sleeps 3",£350 to £400 pw
881,Rose Cottage for rent in Mayenne - Sleeps 2 - LM003633_A,"Bedrooms 2, Sleeps 4, Ratings 9 9.6/10",£440 pw
882,House & private pool to let in Dordogne - AD005220,"Bedrooms 3, Sleeps 6, Ratings 1 10/10",£1000 to £1800 pw
883,Holiday gite for let in Brittany - BM005177_C,"Bedrooms 3, Sleeps 6, Ratings 8 9.8/10",£500 to £1000 pw
884,"Large holiday cottage with pool, Dordogne - AD004314","Bedrooms 4, Sleeps 10",£920 to £1220 pw
885,Holiday gite plus pool in Argol - BF001630_B,"Bedrooms 4, Sleeps 8, Ratings 2 10/10",€1550 to €2350 pw
886,"Holiday cottage, heated pool, in Brittany - BM007108","Bedrooms 4, Sleeps 8",£1020 pw
887,Stylish 4* gite with pool in Lot et Garonne - AL006966,"Bedrooms 1, Sleeps 3, Ratings 2 10/10",£675 pw
888,Holiday let in gite complex near Carlux - AD004978,"Bedrooms 1, Sleeps 4",£360 to £600 pw
889,"Holiday cottage in Plouzec, rural Brittany - BN006788","Bedrooms 4, Sleeps 8, Ratings 1 8.5/10",£550 to £650 pw
890,Holiday house for rental at Brittany seaside - BI002398,"Bedrooms 4, Sleeps 8, Ratings 1 9.5/10",£275 to £650 pw
891,Holiday cottage in Brittany - BM006843,"Bedrooms 2, Sleeps 2",£430 to £650 pw
892,"Cottage to let in Brittany, Quistinic 5km - BM003431_A","Bedrooms 2, Sleeps 4, Ratings 13 9.9/10",£500 to £600 pw
893,"Rural gite to let with heated pool, Charente - PC006317","Bedrooms 3, Sleeps 6",£500 to £750 pw
894,Holiday let close to Vendee beaches - LV005563,"Bedrooms 2, Sleeps 5",£380 to £1100 pw
895,Renovated 3 Bed Barn to let in Gavray - NM004348,"Bedrooms 3, Sleeps 6, Ratings 8 9.9/10",£509 to £990 pw
896,"Large barn to let with private pool, Dordogne - AD005635_B","Bedrooms 4, Sleeps 8",£599 to £950 pw
897,"Normandy Holiday Cottage Rental, Le Teilleul - NM007715","Bedrooms 4, Sleeps 12",£550 to £850 pw
898,"Holiday Cottage to let with pool, Mayenne - LM006760_B","Bedrooms 1, Sleeps 3",€490 to €560 pw
899,Cosy holiday gite for adults rural Normandy - NM006512,"Bedrooms 2, Sleeps 4, Ratings 9 10/10",£469 to £525 pw
